Target Name,Source,DF,F,MS,SS,p-value,p-value corrected,measures,distribution,test,statistic,effect size
B2M,Group1,2.0,0.251,0.0,0.0,0.7804191586642619,1.0,independent,parametric,ANOVA,NA,0.022
B2M,Group2,1.0,0.014,0.0,0.0,0.9063404198268346,1.0,independent,parametric,ANOVA,NA,0.001
B2M,Group1 * Group2,2.0,0.811,0.0,0.0,0.4570685152658,1.0,independent,parametric,ANOVA,NA,0.069
NRXN3,Group1,2.0,13.662,1.445,2.891,0.0001390057323762163,0.0004170171971286489,independent,parametric,ANOVA,NA,0.554
NRXN3,Group2,1.0,3.48,0.368,0.368,0.07549534547302571,0.2264860364190771,independent,parametric,ANOVA,NA,0.137
NRXN3,Group1 * Group2,2.0,1.097,0.116,0.232,0.3513027976650273,1.0,independent,parametric,ANOVA,NA,0.091
