,Target Name,Sample Name,NormQuant,NormMean,NormSD,NormSEM,Outliers
0,GRIA1,AiW001-2-IPSC,0.18039647577092513,0.16391336270190895,0.024294648284073166,0.014026521726676924,False
1,GRIA1,NCRM1-NPC,2.7808616982659924,2.5188060201602767,0.2653106392347118,0.15317716898103256,False
2,GRIA1,NCRM1-NPC,2.2503560159718536,2.5188060201602767,0.2653106392347118,0.15317716898103256,False
3,GRIA1,AJG001C4-NPC,0.4216568414520632,0.3982702451132485,0.023622737492108994,0.013638593850064993,False
4,GRIA1,AJG001C4-NPC,0.37441824387216877,0.3982702451132485,0.023622737492108994,0.013638593850064993,False
5,GRIA1,AJG001C4-NPC,0.3987356500155135,0.3982702451132485,0.023622737492108994,0.013638593850064993,False
6,GRIA1,AiW002-2-NPC,3.299746356990103,2.9812503108370225,0.27621823529322076,0.1594746725016244,False
7,GRIA1,AiW002-2-NPC,2.8367235291192126,2.9812503108370225,0.27621823529322076,0.1594746725016244,False
8,GRIA1,AiW002-2-NPC,2.807281046401751,2.9812503108370225,0.27621823529322076,0.1594746725016244,False
9,GRIA1,NCRM1-IPSC,0.26594679322506204,0.24426350851221312,0.020105637418682983,0.011607995175905633,False
10,GRIA1,NCRM1-IPSC,0.24060608699438318,0.24426350851221312,0.020105637418682983,0.011607995175905633,False
11,GRIA1,NCRM1-IPSC,0.2262376453171942,0.24426350851221312,0.020105637418682983,0.011607995175905633,False
12,GRIA1,AJG001C4-IPSC,0.2360636063606361,0.22450245024502458,0.015038578041301388,0.008682527080374551,False
13,GRIA1,AJG001C4-IPSC,0.22994299429943,0.22450245024502458,0.015038578041301388,0.008682527080374551,False
14,GRIA1,AJG001C4-IPSC,0.20750075007500757,0.22450245024502458,0.015038578041301388,0.008682527080374551,False
15,GRIA1,AiW002-2-IPSC,0.30053375953680533,0.2812339796749194,0.01722438197455835,0.009944501569636202,False
16,GRIA1,AiW002-2-IPSC,0.2757456047766956,0.2812339796749194,0.01722438197455835,0.009944501569636202,False
17,GRIA1,AiW002-2-DA4W,2.5249473969292304,2.5968625653632214,0.17029400124625832,0.09831928746090571,False
18,GRIA1,NCRM1-DA6W,6.29111691618156,5.956612255181466,0.34287980257645234,0.1979617463172005,False
19,GRIA1,NCRM1-DA6W,5.605930012066883,5.956612255181466,0.34287980257645234,0.1979617463172005,False
20,GRIA1,NCRM1-DA6W,5.972789837295956,5.956612255181466,0.34287980257645234,0.1979617463172005,False
21,GRIA1,AJG001C4-DA6W,1.9310152057245082,1.9243906529516996,0.016973357355499295,0.009799572438249233,False
22,GRIA1,AJG001C4-DA6W,1.937052772808587,1.9243906529516996,0.016973357355499295,0.009799572438249233,False
23,GRIA1,AJG001C4-DA6W,1.9051039803220038,1.9243906529516996,0.016973357355499295,0.009799572438249233,False
24,GRIA1,AiW002-2-DA6W,2.0529002520085293,2.110151420509617,0.05553037260729315,0.03206047557302092,False
25,GRIA1,AiW002-2-DA6W,2.1137700045232295,2.110151420509617,0.05553037260729315,0.03206047557302092,False
26,GRIA1,AiW002-2-DA6W,2.163784004997092,2.110151420509617,0.05553037260729315,0.03206047557302092,False
27,GRIA1,AiW002-2-IPSC,0.2674225747112573,0.2812339796749194,0.01722438197455835,0.009944501569636202,False
28,GRIA1,NCRM1-DA4W,6.648476523476524,6.092882117882119,0.4820272673322641,0.27829857255102236,False
29,GRIA1,NCRM1-DA4W,5.786163836163836,6.092882117882119,0.4820272673322641,0.27829857255102236,False
30,GRIA1,NCRM1-DA4W,5.844005994005995,6.092882117882119,0.4820272673322641,0.27829857255102236,False
31,GRIA1,AJG001C4-DA4W,1.8586226203807388,1.8165453527435609,0.03647309257891821,0.02105774981861657,False
32,GRIA1,AJG001C4-DA4W,1.7970604703247477,1.8165453527435609,0.03647309257891821,0.02105774981861657,False
33,GRIA1,AJG001C4-DA4W,1.7939529675251957,1.8165453527435609,0.03647309257891821,0.02105774981861657,False
34,GRIA1,AiW002-2-DA4W,2.7913168475656756,2.5968625653632214,0.17029400124625832,0.09831928746090571,False
35,GRIA1,AiW002-2-DA4W,2.4743234515947585,2.5968625653632214,0.17029400124625832,0.09831928746090571,False
36,GRIA1,NCRM1-NPC,2.5252003462429844,2.5188060201602767,0.2653106392347118,0.15317716898103256,False
37,GRIA1,522-266-2-NPC,0.3368532579904644,0.3361704632409206,0.02483487039829518,0.014338419109745192,False
38,GRIA1,522-266-2-NPC,0.31100123609394315,0.3361704632409206,0.02483487039829518,0.014338419109745192,False
39,GRIA1,522-266-2-NPC,0.3606568956383542,0.3361704632409206,0.02483487039829518,0.014338419109745192,False
40,GRIA1,AJC001-5-NPC,0.4784043191361727,0.49672565486902615,0.018333846011979245,0.010585050930297364,False
41,GRIA1,AJC001-5-NPC,0.4967006598680263,0.49672565486902615,0.018333846011979245,0.010585050930297364,False
42,GRIA1,AJC001-5-NPC,0.5150719856028794,0.49672565486902615,0.018333846011979245,0.010585050930297364,False
43,GRIA1,AiW001-2-NPC,1.5761913912375098,1.677908019472201,0.10038318373353082,0.057956258150665685,False
44,GRIA1,AiW001-2-NPC,1.680630284396618,1.677908019472201,0.10038318373353082,0.057956258150665685,False
45,GRIA1,AiW001-2-NPC,1.776902382782475,1.677908019472201,0.10038318373353082,0.057956258150665685,False
46,GRIA1,522-266-2-IPSC,0.26390093308820983,0.27375212459676024,0.010952399804011706,0.006323370975118563,False
47,GRIA1,522-266-2-IPSC,0.2718096361302855,0.27375212459676024,0.010952399804011706,0.006323370975118563,False
48,GRIA1,522-266-2-IPSC,0.28554580457178536,0.27375212459676024,0.010952399804011706,0.006323370975118563,False
49,GRIA1,AJC001-5-IPSC,0.2261214258649334,0.21895129557841964,0.009288481780213595,0.005362707456169254,False
50,GRIA1,AJC001-5-IPSC,0.2084584219883995,0.21895129557841964,0.009288481780213595,0.005362707456169254,False
51,GRIA1,AiW001-2-IPSC,0.13601321585903084,0.16391336270190895,0.024294648284073166,0.014026521726676924,False
52,GRIA1,AiW001-2-IPSC,0.17533039647577092,0.16391336270190895,0.024294648284073166,0.014026521726676924,False
53,GRIA1,AJC001-5-IPSC,0.22227403888192596,0.21895129557841964,0.009288481780213595,0.005362707456169254,False
54,GRIA1,AiW001-2-DA4W,3.654338299737073,3.5335475703573866,0.28585231357854385,0.1650369101930496,False
55,GRIA1,522-266-2-DA6W,1.4887141152694245,1.4948988288003118,0.008824081229954074,0.005094585673465109,False
56,GRIA1,522-266-2-DA6W,1.4909785969953004,1.4948988288003118,0.008824081229954074,0.005094585673465109,False
57,GRIA1,AJC001-5-DA6W,2.405347853861832,2.3548504852006205,0.06781919972379523,0.03915543321675817,False
58,GRIA1,AJC001-5-DA6W,2.2777659477382652,2.3548504852006205,0.06781919972379523,0.03915543321675817,False
59,GRIA1,AJC001-5-DA6W,2.3814376540017643,2.3548504852006205,0.06781919972379523,0.03915543321675817,False
60,GRIA1,AiW001-2-DA6W,3.0713772754238615,3.2299309957223596,0.14646186543497702,0.08455979743489873,False
61,GRIA1,AiW001-2-DA6W,3.2582508508446,3.2299309957223596,0.14646186543497702,0.08455979743489873,False
62,GRIA1,AiW001-2-DA6W,3.360164860898617,3.2299309957223596,0.14646186543497702,0.08455979743489873,False
63,GRIA1,522-266-2-DA6W,1.5050037741362101,1.4948988288003118,0.008824081229954074,0.005094585673465109,False
64,GRIA1,AiW001-2-DA4W,3.2071282500730356,3.5335475703573866,0.28585231357854385,0.1650369101930496,False
65,GRIA1,AJC001-5-DA4W,2.6295099699691153,2.540982906591139,0.09244999786179615,0.05337603115208834,False
66,GRIA1,AJC001-5-DA4W,2.4450548668535887,2.540982906591139,0.09244999786179615,0.05337603115208834,False
67,GRIA1,AiW001-2-DA4W,3.7391761612620513,3.5335475703573866,0.28585231357854385,0.1650369101930496,False
68,GRIA1,522-266-2-DA4W,1.1516696197355867,1.1990731906773886,0.06981311441016261,0.04030662039767353,False
69,GRIA1,522-266-2-DA4W,1.1663077552133025,1.1990731906773886,0.06981311441016261,0.04030662039767353,False
70,GRIA1,522-266-2-DA4W,1.2792421970832764,1.1990731906773886,0.06981311441016261,0.04030662039767353,False
71,GRIA1,AJC001-5-DA4W,2.5483838829507124,2.540982906591139,0.09244999786179615,0.05337603115208834,False
72,SYP,AJG001C4-NPC,0.13461836798014273,0.1344632330127211,0.003376859222935203,0.00194963058137711,False
73,SYP,AiW002-2-NPC,2.0773859849803555,1.8978133651630447,0.15925564399926923,0.0919462889329453,False
74,SYP,AiW002-2-NPC,1.8423434624757549,1.8978133651630447,0.15925564399926923,0.0919462889329453,False
75,SYP,AiW002-2-NPC,1.7737106480330234,1.8978133651630447,0.15925564399926923,0.0919462889329453,False
76,SYP,AJG001C4-NPC,0.1310114799875892,0.1344632330127211,0.003376859222935203,0.00194963058137711,False
77,SYP,AJG001C4-IPSC,0.14665466546654668,0.1433743374337434,0.010473640166183618,0.006046958969341389,False
78,SYP,NCRM1-IPSC,0.20703618234858706,0.20111464274829097,0.007321060497926149,0.004226816249231198,False
79,SYP,NCRM1-IPSC,0.19292898506552875,0.20111464274829097,0.007321060497926149,0.004226816249231198,False
80,SYP,AJG001C4-IPSC,0.13165316531653168,0.1433743374337434,0.010473640166183618,0.006046958969341389,False
81,SYP,AJG001C4-IPSC,0.15181518151815185,0.1433743374337434,0.010473640166183618,0.006046958969341389,False
82,SYP,AiW002-2-IPSC,0.23340671270468327,0.2377491631736076,0.004858377581652267,0.0028049856045917793,False
83,SYP,AiW002-2-IPSC,0.2368444859925817,0.2377491631736076,0.004858377581652267,0.0028049856045917793,False
84,SYP,AiW002-2-IPSC,0.24299629082355786,0.2377491631736076,0.004858377581652267,0.0028049856045917793,False
85,SYP,AJG001C4-NPC,0.1377598510704313,0.1344632330127211,0.003376859222935203,0.00194963058137711,False
86,SYP,NCRM1-IPSC,0.20337876083075715,0.20111464274829097,0.007321060497926149,0.004226816249231198,False
87,SYP,NCRM1-NPC,1.4188702426493172,1.4060815904839024,0.04332379377368683,0.025013003997553924,False
88,SYP,NCRM1-DA4W,5.1304945054945055,5.0179820179820185,0.09767955131048045,0.05639531524342775,False
89,SYP,NCRM1-NPC,1.4415714963839945,1.4060815904839024,0.04332379377368683,0.025013003997553924,False
90,SYP,NCRM1-DA6W,5.387453091642024,5.915425722355561,0.5145781698512422,0.29709184488271967,False
91,SYP,NCRM1-DA6W,5.943351941972868,5.915425722355561,0.5145781698512422,0.29709184488271967,False
92,SYP,NCRM1-DA6W,6.415472133451791,5.915425722355561,0.5145781698512422,0.29709184488271967,False
93,SYP,AJG001C4-DA6W,7.73739378354204,7.308894230769231,0.3720423447509473,0.21479874789189898,False
94,SYP,AJG001C4-DA6W,7.12122652057245,7.308894230769231,0.3720423447509473,0.21479874789189898,False
95,SYP,AJG001C4-DA6W,7.068062388193202,7.308894230769231,0.3720423447509473,0.21479874789189898,False
96,SYP,AiW002-2-DA6W,7.74751760828828,7.428091412324725,0.2767942338271716,0.15980722541025374,False
97,SYP,NCRM1-NPC,1.3578030324183954,1.4060815904839024,0.04332379377368683,0.025013003997553924,False
98,SYP,AiW002-2-DA6W,7.27787709737868,7.428091412324725,0.2767942338271716,0.15980722541025374,False
99,SYP,NCRM1-DA4W,4.968581418581419,5.0179820179820185,0.09767955131048045,0.05639531524342775,False
100,SYP,NCRM1-DA4W,4.95487012987013,5.0179820179820185,0.09767955131048045,0.05639531524342775,False
101,SYP,AJG001C4-DA4W,6.897060470324748,6.8547872340425515,0.10226988645124377,0.05904554647261805,False
102,SYP,AJG001C4-DA4W,6.738157894736841,6.8547872340425515,0.10226988645124377,0.05904554647261805,False
103,SYP,AJG001C4-DA4W,6.929143337066067,6.8547872340425515,0.10226988645124377,0.05904554647261805,False
104,SYP,AiW002-2-DA4W,6.620862065373639,6.06316535072186,0.4841791246159715,0.2795409479330285,False
105,SYP,AiW002-2-DA4W,5.818378783775338,6.06316535072186,0.4841791246159715,0.2795409479330285,False
106,SYP,AiW002-2-DA4W,5.750255203016604,6.06316535072186,0.4841791246159715,0.2795409479330285,False
107,SYP,AiW002-2-DA6W,7.258879531307213,7.428091412324725,0.2767942338271716,0.15980722541025374,False
108,SYP,AJC001-5-NPC,0.09538092381523694,0.09720555888822235,0.007626506882614315,0.004403165801653909,False
109,SYP,522-266-2-DA6W,5.5510482358956885,5.515936594511676,0.19522876799982072,0.1127153817582555,False
110,SYP,522-266-2-NPC,0.14868444287480134,0.1410088881040673,0.011278745848574636,0.00651178695179594,False
111,SYP,AJC001-5-NPC,0.09065686862627474,0.09720555888822235,0.007626506882614315,0.004403165801653909,False
112,SYP,AJC001-5-NPC,0.10557888422315537,0.09720555888822235,0.007626506882614315,0.004403165801653909,False
113,SYP,AiW001-2-NPC,0.23539584934665644,0.22735716115808355,0.007261719803270884,0.004192555883198081,False
114,SYP,AiW001-2-NPC,0.22127209838585704,0.22735716115808355,0.007261719803270884,0.004192555883198081,False
115,SYP,AiW001-2-NPC,0.22540353574173713,0.22735716115808355,0.007261719803270884,0.004192555883198081,False
116,SYP,522-266-2-NPC,0.1280593325092707,0.1410088881040673,0.011278745848574636,0.00651178695179594,False
117,SYP,522-266-2-IPSC,0.1973013285233619,0.18509140101980648,0.01320451934147157,0.007623632796318231,False
118,SYP,522-266-2-IPSC,0.17107773422595307,0.18509140101980648,0.01320451934147157,0.007623632796318231,False
119,SYP,AJC001-5-IPSC,0.10422921099419975,0.11099128508554605,0.008857580186294019,0.005113926304925548,False
120,SYP,AJC001-5-IPSC,0.10772683552420645,0.11099128508554605,0.008857580186294019,0.005113926304925548,False
121,SYP,AJC001-5-IPSC,0.12101780873823194,0.11099128508554605,0.008857580186294019,0.005113926304925548,False
122,SYP,AiW001-2-IPSC,0.10495594713656387,0.09794419970631424,0.006737292232495353,0.003889777484040367,False
123,SYP,AiW001-2-IPSC,0.0973568281938326,0.09794419970631424,0.006737292232495353,0.003889777484040367,False
124,SYP,522-266-2-DA6W,5.691226959507171,5.515936594511676,0.19522876799982072,0.1127153817582555,False
125,SYP,522-266-2-IPSC,0.18689514031010443,0.18509140101980648,0.01320451934147157,0.007623632796318231,False
126,SYP,522-266-2-NPC,0.14628288892812993,0.1410088881040673,0.011278745848574636,0.00651178695179594,False
127,SYP,AiW001-2-IPSC,0.09151982378854626,0.09794419970631424,0.006737292232495353,0.003889777484040367,False
128,SYP,AiW001-2-DA4W,4.725094945953843,4.783406368682443,0.21058514829691147,0.1215813920565591,False
129,SYP,AJC001-5-DA6W,6.260456909926079,6.204605603382714,0.34752505227909425,0.20064368248347383,False
130,SYP,AJC001-5-DA6W,5.832537340674718,6.204605603382714,0.34752505227909425,0.20064368248347383,False
131,SYP,AJC001-5-DA6W,6.52082255954735,6.204605603382714,0.34752505227909425,0.20064368248347383,False
132,SYP,AiW001-2-DA6W,4.0137071845630246,3.9739282480407154,0.6631491287997987,0.3828693280254296,False
133,SYP,AiW001-2-DA6W,4.616292503200424,3.9739282480407154,0.6631491287997987,0.3828693280254296,False
134,SYP,AiW001-2-DA6W,3.2917850563586972,3.9739282480407154,0.6631491287997987,0.3828693280254296,False
135,SYP,522-266-2-DA6W,5.3055345881321685,5.515936594511676,0.19522876799982072,0.1127153817582555,False
136,SYP,522-266-2-DA4W,5.714597246831129,5.567725228294943,0.15664431434881482,0.0904386370563126,False
137,SYP,522-266-2-DA4W,5.402862205261005,5.567725228294943,0.15664431434881482,0.0904386370563126,False
138,SYP,522-266-2-DA4W,5.585716232792695,5.567725228294943,0.15664431434881482,0.0904386370563126,False
139,SYP,AJC001-5-DA4W,4.786780717610053,4.8414340814961365,0.18027572102160258,0.10408223606017614,False
140,SYP,AJC001-5-DA4W,4.694809353695507,4.8414340814961365,0.18027572102160258,0.10408223606017614,False
141,SYP,AJC001-5-DA4W,5.0427121731828475,4.8414340814961365,0.18027572102160258,0.10408223606017614,False
142,SYP,AiW001-2-DA4W,4.608121530820918,4.783406368682443,0.21058514829691147,0.1215813920565591,False
143,SYP,AiW001-2-DA4W,5.017002629272568,4.783406368682443,0.21058514829691147,0.1215813920565591,False
144,KCNJ6,AJG001C4-NPC,0.1236813527769159,0.11460595718274898,0.009848016119841206,0.005685754757774095,False
145,KCNJ6,AiW002-2-NPC,0.8573133734520316,0.8541967142454535,0.0538797535582105,0.03110749022070353,False
146,KCNJ6,AiW002-2-NPC,0.7988262794051824,0.8541967142454535,0.0538797535582105,0.03110749022070353,False
147,KCNJ6,AJG001C4-NPC,0.10413434688178716,0.11460595718274898,0.009848016119841206,0.005685754757774095,False
148,KCNJ6,AiW002-2-NPC,0.9064504898791466,0.8541967142454535,0.0538797535582105,0.03110749022070353,False
149,KCNJ6,NCRM1-IPSC,0.4162929420472852,0.3756694387599599,0.038595046467683435,0.02228286046750315,False
150,KCNJ6,AJG001C4-IPSC,0.3185118511851186,0.2925892589258927,0.05223500810691457,0.030157895991649412,False
151,KCNJ6,NCRM1-IPSC,0.3394870901728566,0.3756694387599599,0.038595046467683435,0.02228286046750315,False
152,KCNJ6,AJG001C4-IPSC,0.2324632463246325,0.2925892589258927,0.05223500810691457,0.030157895991649412,False
153,KCNJ6,AJG001C4-IPSC,0.32679267926792693,0.2925892589258927,0.05223500810691457,0.030157895991649412,False
154,KCNJ6,AiW002-2-IPSC,0.7054672657639999,0.6639124272488769,0.036217079938218585,0.020909940851592698,False
155,KCNJ6,AiW002-2-IPSC,0.6472060553059318,0.6639124272488769,0.036217079938218585,0.020909940851592698,False
156,KCNJ6,AJG001C4-NPC,0.1160021718895439,0.11460595718274898,0.009848016119841206,0.005685754757774095,False
157,KCNJ6,NCRM1-IPSC,0.37122828405973785,0.3756694387599599,0.038595046467683435,0.02228286046750315,False
158,KCNJ6,NCRM1-NPC,0.7579370619607405,0.6955016334850473,0.05580931021520216,0.0322215202760343,False
159,KCNJ6,NCRM1-DA4W,1.7277722277722278,1.8332667332667334,0.12314300198519292,0.07109664534496975,False
160,KCNJ6,NCRM1-NPC,0.6781057158015247,0.6955016334850473,0.05580931021520216,0.0322215202760343,False
161,KCNJ6,522-266-2-DA6W,3.6710901166329837,3.958874089946189,0.27876249666624286,0.1609436024902275,False
162,KCNJ6,NCRM1-DA6W,1.8118626761964116,1.946879185286356,0.13602194019553782,0.07853230378758894,False
163,KCNJ6,NCRM1-DA6W,1.9448901383050665,1.946879185286356,0.13602194019553782,0.07853230378758894,False
164,KCNJ6,NCRM1-DA6W,2.0838847413575903,1.946879185286356,0.13602194019553782,0.07853230378758894,False
165,KCNJ6,AJG001C4-DA6W,4.2013919946332745,4.436465787119857,0.31727396602169605,0.1831782096894864,False
166,KCNJ6,AJG001C4-DA6W,4.797350178890877,4.436465787119857,0.31727396602169605,0.1831782096894864,False
167,KCNJ6,AJG001C4-DA6W,4.310655187835422,4.436465787119857,0.31727396602169605,0.1831782096894864,False
168,KCNJ6,AiW002-2-DA6W,3.0191914187864817,3.2012406573760956,0.3362364729618531,0.19412621817589623,False
169,KCNJ6,NCRM1-NPC,0.6504621226928768,0.6955016334850473,0.05580931021520216,0.0322215202760343,False
170,KCNJ6,AiW002-2-DA6W,2.995282917267969,3.2012406573760956,0.3362364729618531,0.19412621817589623,False
171,KCNJ6,NCRM1-DA4W,1.8034465534465536,1.8332667332667334,0.12314300198519292,0.07109664534496975,False
172,KCNJ6,NCRM1-DA4W,1.9685814185814188,1.8332667332667334,0.12314300198519292,0.07109664534496975,False
173,KCNJ6,AJG001C4-DA4W,4.501679731243001,4.694540873460246,0.6832568404207194,0.39447852074255557,False
174,KCNJ6,AJG001C4-DA4W,5.453499440089586,4.694540873460246,0.6832568404207194,0.39447852074255557,False
175,KCNJ6,AJG001C4-DA4W,4.128443449048152,4.694540873460246,0.6832568404207194,0.39447852074255557,False
176,KCNJ6,AiW002-2-DA4W,2.9009395637590885,3.126434865940293,0.2088345525046272,0.12057068510464156,False
177,KCNJ6,AiW002-2-DA4W,3.1651840586654445,3.126434865940293,0.2088345525046272,0.12057068510464156,False
178,KCNJ6,AiW002-2-DA4W,3.313180975396346,3.126434865940293,0.2088345525046272,0.12057068510464156,False
179,KCNJ6,AiW002-2-DA6W,3.5892476360738366,3.2012406573760956,0.3362364729618531,0.19412621817589623,False
180,KCNJ6,522-266-2-DA6W,3.9778908665903727,3.958874089946189,0.27876249666624286,0.1609436024902275,False
181,KCNJ6,AiW002-2-IPSC,0.6390639606766987,0.6639124272488769,0.036217079938218585,0.020909940851592698,False
182,KCNJ6,AJC001-5-DA6W,5.614425212180209,5.995011103337085,0.46091595241528,0.26610994920075465,False
183,KCNJ6,522-266-2-NPC,0.03609394313967861,0.03312731767614339,0.009331168499450742,0.005387352645011643,False
184,KCNJ6,AJC001-5-NPC,0.17006598680263946,0.179626574685063,0.01352071304758321,0.009560587882423519,False
185,KCNJ6,AJC001-5-NPC,0.1891871625674865,0.179626574685063,0.01352071304758321,0.009560587882423519,False
186,KCNJ6,AiW001-2-NPC,1.2133935434281324,1.3079041762746606,0.1339415109353754,0.07733116739420419,False
187,KCNJ6,AiW001-2-NPC,1.2491352805534204,1.3079041762746606,0.1339415109353754,0.07733116739420419,False
188,KCNJ6,AiW001-2-NPC,1.461183704842429,1.3079041762746606,0.1339415109353754,0.07733116739420419,False
189,KCNJ6,522-266-2-NPC,0.022673494614162105,0.03312731767614339,0.009331168499450742,0.005387352645011643,False
190,KCNJ6,522-266-2-IPSC,0.714697006486524,0.7269069339900794,0.04800686407284666,0.027716775895407796,False
191,KCNJ6,522-266-2-IPSC,0.7798397447015158,0.7269069339900794,0.04800686407284666,0.027716775895407796,False
192,KCNJ6,AJC001-5-IPSC,0.4543414264478708,0.43545425398583454,0.01752655429145832,0.010118960838140052,False
193,KCNJ6,AJC001-5-IPSC,0.4323063919088285,0.43545425398583454,0.01752655429145832,0.010118960838140052,False
194,KCNJ6,AJC001-5-IPSC,0.41971494360080436,0.43545425398583454,0.01752655429145832,0.010118960838140052,False
195,KCNJ6,AiW001-2-IPSC,0.13248898678414098,0.13505873715124816,0.019729441829708764,0.011390798551343418,False
196,KCNJ6,AiW001-2-IPSC,0.11674008810572688,0.13505873715124816,0.019729441829708764,0.011390798551343418,False
197,KCNJ6,AiW001-2-IPSC,0.15594713656387665,0.13505873715124816,0.019729441829708764,0.011390798551343418,False
198,KCNJ6,522-266-2-IPSC,0.6861840507821985,0.7269069339900794,0.04800686407284666,0.027716775895407796,False
199,KCNJ6,522-266-2-NPC,0.04061451527458944,0.03312731767614339,0.009331168499450742,0.005387352645011643,False
200,KCNJ6,AJC001-5-DA6W,5.863109542785874,5.995011103337085,0.46091595241528,0.26610994920075465,False
201,KCNJ6,AJC001-5-DA6W,6.507498555045174,5.995011103337085,0.46091595241528,0.26610994920075465,False
202,KCNJ6,AiW001-2-DA6W,2.480313485496612,2.7495238392606236,0.23666081954590668,0.13663618787146667,False
203,KCNJ6,AiW001-2-DA6W,2.8434758172791708,2.7495238392606236,0.23666081954590668,0.13663618787146667,False
204,KCNJ6,AiW001-2-DA6W,2.9247822150060885,2.7495238392606236,0.23666081954590668,0.13663618787146667,False
205,KCNJ6,522-266-2-DA4W,3.5598473490527467,3.499032302030803,0.14724960138990484,0.08501459700052666,False
206,KCNJ6,522-266-2-DA6W,4.227641286615209,3.958874089946189,0.27876249666624286,0.1609436024902275,False
207,KCNJ6,522-266-2-DA4W,3.3311162600517923,3.499032302030803,0.14724960138990484,0.08501459700052666,False
208,KCNJ6,AiW001-2-DA4W,3.5457785568215026,3.1063199922095635,0.4026481815421113,0.23246903600205127,False
209,KCNJ6,AiW001-2-DA4W,3.0180543382997373,3.1063199922095635,0.4026481815421113,0.23246903600205127,False
210,KCNJ6,AiW001-2-DA4W,2.7551270815074496,3.1063199922095635,0.4026481815421113,0.23246903600205127,False
211,KCNJ6,AJC001-5-DA4W,6.533809652581091,5.8915756963322465,0.5667478632722842,0.3272120314228985,False
212,KCNJ6,AJC001-5-DA4W,5.461578969841022,5.8915756963322465,0.5667478632722842,0.3272120314228985,False
213,KCNJ6,AJC001-5-DA4W,5.679338466574629,5.8915756963322465,0.5667478632722842,0.3272120314228985,False
214,KCNJ6,522-266-2-DA4W,3.6061332969878697,3.499032302030803,0.14724960138990484,0.08501459700052666,False
215,ACTB,AiW002-2-NPC,1.1028000198935695,1.0988876179108438,0.016077011632288002,0.009282066993666222,False
216,ACTB,NCRM1-NPC,0.8609722726384272,0.9050624075056543,0.039289136132969936,0.022683593322598047,False
217,ACTB,NCRM1-NPC,0.9178510596710692,0.9050624075056543,0.039289136132969936,0.022683593322598047,False
218,ACTB,NCRM1-NPC,0.9363638902074665,0.9050624075056543,0.039289136132969936,0.022683593322598047,False
219,ACTB,AJG001C4-NPC,1.0619376357430965,1.08474247595408,0.020097464095296023,0.011603276305447998,False
220,ACTB,AJG001C4-NPC,1.0998681352776916,1.08474247595408,0.020097464095296023,0.011603276305447998,False
221,ACTB,AJG001C4-NPC,1.092421656841452,1.08474247595408,0.020097464095296023,0.011603276305447998,False
222,ACTB,AiW002-2-NPC,1.1126473367483962,1.0988876179108438,0.016077011632288002,0.009282066993666222,False
223,ACTB,NCRM1-IPSC,0.7530369660817694,0.7778116427918317,0.03111341036353505,0.017963335848794254,False
224,ACTB,NCRM1-IPSC,0.7676666521530892,0.7778116427918317,0.03111341036353505,0.017963335848794254,False
225,ACTB,NCRM1-IPSC,0.8127313101406365,0.7778116427918317,0.03111341036353505,0.017963335848794254,False
226,ACTB,AJG001C4-IPSC,0.7987998799879991,0.7899989998999902,0.01391432067072853,0.008033436784835892,False
227,ACTB,AJG001C4-IPSC,0.7972397239723974,0.7899989998999902,0.01391432067072853,0.008033436784835892,False
228,ACTB,AiW002-2-IPSC,0.9486444920237629,0.9451464069237961,0.007679283033634388,0.0044336361266521405,False
229,ACTB,AiW002-2-NPC,1.0812154970905654,1.0988876179108438,0.016077011632288002,0.009282066993666222,False
230,ACTB,AJG001C4-IPSC,0.7739573957395741,0.7899989998999902,0.01391432067072853,0.008033436784835892,False
231,ACTB,AiW002-2-DA4W,1.0699777087977334,1.0571446428199411,0.033166813201755345,0.019148868530195484,False
232,ACTB,AiW002-2-IPSC,0.9363408823618107,0.9451464069237961,0.007679283033634388,0.0044336361266521405,False
233,ACTB,NCRM1-DA6W,0.8902178669460171,0.9645551827934175,0.08088647148958991,0.04669982608831373,False
234,ACTB,NCRM1-DA6W,0.9527535040377652,0.9645551827934175,0.08088647148958991,0.04669982608831373,False
235,ACTB,NCRM1-DA6W,1.05069417739647,0.9645551827934175,0.08088647148958991,0.04669982608831373,False
236,ACTB,AJG001C4-DA6W,0.7985521019677997,0.8401442307692308,0.04859495198667239,0.028056308610762245,False
237,ACTB,AJG001C4-DA6W,0.8283206618962433,0.8401442307692308,0.04859495198667239,0.028056308610762245,False
238,ACTB,AJG001C4-DA6W,0.8935599284436493,0.8401442307692308,0.04859495198667239,0.028056308610762245,False
239,ACTB,AiW002-2-DA6W,0.9961444848902578,1.0597281754151677,0.09042517503064221,0.05220699914546031,False
240,ACTB,AiW002-2-DA6W,1.019794516122084,1.0597281754151677,0.09042517503064221,0.05220699914546031,False
241,ACTB,AiW002-2-DA6W,1.1632455252331617,1.0597281754151677,0.09042517503064221,0.05220699914546031,False
242,ACTB,NCRM1-DA4W,0.8511488511488512,0.9288211788211789,0.08322163641520144,0.04804803418671772,False
243,ACTB,NCRM1-DA4W,0.9186563436563436,0.9288211788211789,0.08322163641520144,0.04804803418671772,False
244,ACTB,NCRM1-DA4W,1.0166583416583417,0.9288211788211789,0.08322163641520144,0.04804803418671772,False
245,ACTB,AJG001C4-DA4W,0.8301231802911534,0.8611702127659574,0.041827697058458374,0.024149232156283063,False
246,ACTB,AJG001C4-DA4W,0.8446528555431131,0.8611702127659574,0.041827697058458374,0.024149232156283063,False
247,ACTB,AJG001C4-DA4W,0.9087346024636057,0.8611702127659574,0.041827697058458374,0.024149232156283063,False
248,ACTB,AiW002-2-DA4W,1.0819774588029416,1.0571446428199411,0.033166813201755345,0.019148868530195484,False
249,ACTB,AiW002-2-IPSC,0.9504538463858146,0.9451464069237961,0.007679283033634388,0.0044336361266521405,False
250,ACTB,AiW002-2-DA4W,1.019478760859149,1.0571446428199411,0.033166813201755345,0.019148868530195484,False
251,ACTB,522-266-2-NPC,0.8512802401553946,0.8902466301724644,0.05844088139418829,0.03374085860461361,False
252,ACTB,522-266-2-NPC,0.8620165989758078,0.8902466301724644,0.05844088139418829,0.03374085860461361,False
253,ACTB,522-266-2-NPC,0.957443051386191,0.8902466301724644,0.05844088139418829,0.03374085860461361,False
254,ACTB,AJC001-5-NPC,0.9212657468506297,0.9493351329734052,0.052828216278737815,0.03050038488933705,False
255,ACTB,AJC001-5-NPC,1.0102729454109176,0.9493351329734052,0.052828216278737815,0.03050038488933705,False
256,ACTB,AJC001-5-NPC,0.9164667066586683,0.9493351329734052,0.052828216278737815,0.03050038488933705,False
257,ACTB,AiW001-2-NPC,1.2330899308224446,1.2426018447348195,0.008775943897562422,0.005066793571650718,False
258,ACTB,AiW001-2-NPC,1.2503843197540356,1.2426018447348195,0.008775943897562422,0.005066793571650718,False
259,ACTB,AiW001-2-NPC,1.2443312836279785,1.2426018447348195,0.008775943897562422,0.005066793571650718,False
260,ACTB,522-266-2-IPSC,0.8770335426133408,0.8761316729681918,0.0027162609803255827,0.001568234008180252,False
261,ACTB,522-266-2-IPSC,0.8782822851989317,0.8761316729681918,0.0027162609803255827,0.001568234008180252,False
262,ACTB,522-266-2-IPSC,0.873079191092303,0.8761316729681918,0.0027162609803255827,0.001568234008180252,False
263,ACTB,AJC001-5-IPSC,0.7944854119910226,0.7848669445335043,0.034170825054296895,0.01972853504352992,False
264,ACTB,AJC001-5-IPSC,0.8131977032265585,0.7848669445335043,0.034170825054296895,0.01972853504352992,False
265,ACTB,AJC001-5-IPSC,0.7469177183829314,0.7848669445335043,0.034170825054296895,0.01972853504352992,False
266,ACTB,AiW001-2-IPSC,0.8388766519823789,0.845704845814978,0.006059270794484067,0.003498321624288214,False
267,ACTB,AiW001-2-IPSC,0.8504405286343613,0.845704845814978,0.006059270794484067,0.003498321624288214,False
268,ACTB,AiW001-2-IPSC,0.8477973568281938,0.845704845814978,0.006059270794484067,0.003498321624288214,False
269,ACTB,AiW001-2-DA4W,0.933567046450482,0.9204791118901549,0.04345571602758874,0.025089169346356296,False
270,ACTB,522-266-2-DA6W,0.7439918186466679,0.7869682729065719,0.038913456075566705,0.022466694340327116,False
271,ACTB,522-266-2-DA6W,0.7970975675083397,0.7869682729065719,0.038913456075566705,0.022466694340327116,False
272,ACTB,522-266-2-DA6W,0.8198154325647081,0.7869682729065719,0.038913456075566705,0.022466694340327116,False
273,ACTB,AJC001-5-DA6W,0.8533751102728684,0.8488425151340007,0.029420704978769443,0.0169860519392411,False
274,ACTB,AJC001-5-DA6W,0.8174185501779577,0.8488425151340007,0.029420704978769443,0.0169860519392411,False
275,ACTB,AJC001-5-DA6W,0.8757338849511758,0.8488425151340007,0.029420704978769443,0.0169860519392411,False
276,ACTB,AiW001-2-DA6W,0.9955350173291286,1.0242295563118617,0.03267523798857723,0.01886505744854015,False
277,ACTB,AiW001-2-DA6W,1.0597932994036283,1.0242295563118617,0.03267523798857723,0.01886505744854015,False
278,ACTB,AiW001-2-DA6W,1.0173603522028287,1.0242295563118617,0.03267523798857723,0.01886505744854015,False
279,ACTB,522-266-2-DA4W,0.7564399618372631,0.7758211803189313,0.02224417535950815,0.012842680631713272,False
280,ACTB,522-266-2-DA4W,0.7709145427286357,0.7758211803189313,0.02224417535950815,0.012842680631713272,False
281,ACTB,522-266-2-DA4W,0.8001090363908954,0.7758211803189313,0.02224417535950815,0.012842680631713272,False
282,ACTB,AJC001-5-DA4W,0.8039168244118359,0.8462447161298586,0.036951295402200615,0.021333840347365907,False
283,ACTB,AJC001-5-DA4W,0.8720627375072942,0.8462447161298586,0.036951295402200615,0.021333840347365907,False
284,ACTB,AJC001-5-DA4W,0.8627545864704459,0.8462447161298586,0.036951295402200615,0.021333840347365907,False
285,ACTB,AiW001-2-DA4W,0.8719836400817997,0.9204791118901549,0.04345571602758874,0.025089169346356296,False
286,ACTB,AiW001-2-DA4W,0.9558866491381829,0.9204791118901549,0.04345571602758874,0.025089169346356296,False
287,GAPDH,AiW002-2-NPC,0.9252499129656339,0.9011123820891562,0.03143267903773694,0.018147665703788528,False
288,GAPDH,AiW002-2-NPC,0.912518028547272,0.9011123820891562,0.03143267903773694,0.018147665703788528,False
289,GAPDH,NCRM1-NPC,1.141847932315081,1.0949375924943456,0.12103082079228646,0.06987717696466794,False
290,GAPDH,AJG001C4-NPC,0.8719360843934222,0.91525752404592,0.04322480653940944,0.024955853691197537,False
291,GAPDH,AJG001C4-NPC,0.915451442755197,0.91525752404592,0.04322480653940944,0.024955853691197537,False
292,GAPDH,NCRM1-NPC,1.1854913020411584,1.0949375924943456,0.12103082079228646,0.06987717696466794,False
293,GAPDH,AiW002-2-NPC,0.8655692047545631,0.9011123820891562,0.03143267903773694,0.018147665703788528,False
294,GAPDH,AJG001C4-NPC,0.9583850449891406,0.91525752404592,0.04322480653940944,0.024955853691197537,False
295,GAPDH,NCRM1-IPSC,1.3515478730352244,1.2221883572081682,0.11892362573144584,0.06866058732905657,False
296,GAPDH,NCRM1-IPSC,1.1176035180911743,1.2221883572081682,0.11892362573144584,0.06866058732905657,False
297,GAPDH,NCRM1-IPSC,1.1974136804981057,1.2221883572081682,0.11892362573144584,0.06866058732905657,False
298,GAPDH,AJG001C4-IPSC,1.1983198319831985,1.2100010001000105,0.03463366983474803,0.0199957586021164,False
299,GAPDH,AJG001C4-IPSC,1.1827182718271831,1.2100010001000105,0.03463366983474803,0.0199957586021164,False
300,GAPDH,AJG001C4-IPSC,1.2489648964896494,1.2100010001000105,0.03463366983474803,0.0199957586021164,False
301,GAPDH,AiW002-2-IPSC,1.160700823256235,1.0548535930762042,0.09175674650305649,0.052975782293503915,False
302,GAPDH,AiW002-2-IPSC,1.0060010253008054,1.0548535930762042,0.09175674650305649,0.052975782293503915,False
303,GAPDH,NCRM1-NPC,0.9574735431267974,1.0949375924943456,0.12103082079228646,0.06987717696466794,False
304,GAPDH,AiW002-2-IPSC,0.9978589306715722,1.0548535930762042,0.09175674650305649,0.052975782293503915,False
305,GAPDH,NCRM1-DA4W,0.9295954045954047,1.0711788211788213,0.1337021604661109,0.07719297833634367,False
306,GAPDH,NCRM1-DA6W,0.8680201026348241,1.0354448172065822,0.15914293839031388,0.09188121831927575,False
307,GAPDH,NCRM1-DA6W,1.0535584050495272,1.0354448172065822,0.15914293839031388,0.09188121831927575,False
308,GAPDH,NCRM1-DA6W,1.1847559439353954,1.0354448172065822,0.15914293839031388,0.09188121831927575,False
309,GAPDH,AJG001C4-DA6W,1.0587544722719142,1.1598557692307694,0.1019788441029628,0.058877513094492455,False
310,GAPDH,AJG001C4-DA6W,1.158122763864043,1.1598557692307694,0.1019788441029628,0.058877513094492455,False
311,GAPDH,AJG001C4-DA6W,1.2626900715563507,1.1598557692307694,0.1019788441029628,0.058877513094492455,False
312,GAPDH,AiW002-2-DA6W,0.9297176212117948,0.940271824584832,0.08751846781925283,0.05052881095450923,False
313,GAPDH,AiW002-2-DA6W,0.8585090572296292,0.940271824584832,0.08751846781925283,0.05052881095450923,False
314,GAPDH,AiW002-2-DA6W,1.0325887953130721,0.940271824584832,0.08751846781925283,0.05052881095450923,False
315,GAPDH,NCRM1-DA4W,1.0886613386613386,1.0711788211788213,0.1337021604661109,0.07719297833634367,False
316,GAPDH,NCRM1-DA4W,1.1952797202797203,1.0711788211788213,0.1337021604661109,0.07719297833634367,False
317,GAPDH,AJG001C4-DA4W,1.0750279955207167,1.1388297872340425,0.06329023223481199,0.036540632617842635,False
318,GAPDH,AJG001C4-DA4W,1.1398656215005598,1.1388297872340425,0.06329023223481199,0.036540632617842635,False
319,GAPDH,AJG001C4-DA4W,1.201595744680851,1.1388297872340425,0.06329023223481199,0.036540632617842635,False
320,GAPDH,AiW002-2-DA4W,0.8978562946605279,0.9428553571800586,0.044091491488403856,0.02545623447980206,False
321,GAPDH,AiW002-2-DA4W,0.9859794587612758,0.9428553571800586,0.044091491488403856,0.02545623447980206,False
322,GAPDH,AiW002-2-DA4W,0.9447303181183725,0.9428553571800586,0.044091491488403856,0.02545623447980206,False
323,GAPDH,522-266-2-DA6W,1.0390318731890233,1.213031727093428,0.16011510705520846,0.09244250015965036,False
324,GAPDH,522-266-2-NPC,1.2560833480487374,1.1097533698275355,0.1385666939870046,0.08000151807411361,False
325,GAPDH,AJC001-5-NPC,1.0152219556088782,1.075997300539892,0.08594931705934261,0.06077534493101377,False
326,GAPDH,AJC001-5-NPC,1.1367726454709057,1.075997300539892,0.08594931705934261,0.06077534493101377,False
327,GAPDH,AiW001-2-NPC,0.6590122982321291,0.636097232897771,0.03240679617851488,0.022915065334358165,False
328,GAPDH,AiW001-2-NPC,0.6131821675634128,0.636097232897771,0.03240679617851488,0.022915065334358165,False
329,GAPDH,522-266-2-NPC,1.092636411795868,1.1097533698275355,0.1385666939870046,0.08000151807411361,False
330,GAPDH,522-266-2-IPSC,1.0945228762704222,1.1238683270318084,0.0764619065317633,0.04414530231886555,False
331,GAPDH,522-266-2-IPSC,1.2106559367303757,1.1238683270318084,0.0764619065317633,0.04414530231886555,False
332,GAPDH,AJC001-5-IPSC,1.131131773004168,1.2151330554664954,0.08473935350879817,0.04892428855925949,False
333,GAPDH,AJC001-5-IPSC,1.213675711912326,1.2151330554664954,0.08473935350879817,0.04892428855925949,False
334,GAPDH,AJC001-5-IPSC,1.3005916814829925,1.2151330554664954,0.08473935350879817,0.04892428855925949,False
335,GAPDH,AiW001-2-IPSC,1.2290748898678414,1.1542951541850222,0.09988513216775828,0.0576687079450966,False
336,GAPDH,AiW001-2-IPSC,1.1929515418502203,1.1542951541850222,0.09988513216775828,0.0576687079450966,False
337,GAPDH,AiW001-2-IPSC,1.0408590308370045,1.1542951541850222,0.09988513216775828,0.0576687079450966,False
338,GAPDH,522-266-2-IPSC,1.066426168094627,1.1238683270318084,0.0764619065317633,0.04414530231886555,False
339,GAPDH,522-266-2-NPC,0.980540349638001,1.1097533698275355,0.1385666939870046,0.08000151807411361,False
340,GAPDH,522-266-2-DA6W,1.245903236017434,1.213031727093428,0.16011510705520846,0.09244250015965036,False
341,GAPDH,522-266-2-DA6W,1.3541600720738272,1.213031727093428,0.16011510705520846,0.09244250015965036,False
342,GAPDH,AJC001-5-DA6W,1.1264259422626473,1.1511574848659996,0.048719756260751035,0.028128364391997566,False
343,GAPDH,AJC001-5-DA6W,1.1197639400115595,1.1511574848659996,0.048719756260751035,0.028128364391997566,False
344,GAPDH,AJC001-5-DA6W,1.2072825723237917,1.1511574848659996,0.048719756260751035,0.028128364391997566,False
345,GAPDH,AiW001-2-DA6W,0.9633122053267557,0.9757704436881381,0.015479534400342896,0.008937113352968044,False
346,GAPDH,AiW001-2-DA6W,0.970899553501733,0.9757704436881381,0.015479534400342896,0.008937113352968044,False
347,GAPDH,AiW001-2-DA6W,0.993099572235926,0.9757704436881381,0.015479534400342896,0.008937113352968044,False
348,GAPDH,522-266-2-DA4W,1.1417745672618236,1.2241788196810686,0.08174458934452852,0.04719526066285896,False
349,GAPDH,522-266-2-DA4W,1.225514515469538,1.2241788196810686,0.08174458934452852,0.04719526066285896,False
350,GAPDH,522-266-2-DA4W,1.305247376311844,1.2241788196810686,0.08174458934452852,0.04719526066285896,False
351,GAPDH,AJC001-5-DA4W,1.1486599962995119,1.1537552838701413,0.006475650987908416,0.00373871884104699,False
352,GAPDH,AJC001-5-DA4W,1.15156345625596,1.1537552838701413,0.006475650987908416,0.00373871884104699,False
353,GAPDH,AJC001-5-DA4W,1.161042399054952,1.1537552838701413,0.006475650987908416,0.00373871884104699,False
354,GAPDH,AiW001-2-DA4W,1.0753140520011686,1.079520888109845,0.03733855062070288,0.021557422252013278,False
355,GAPDH,AiW001-2-DA4W,1.1187846917908268,1.079520888109845,0.03733855062070288,0.021557422252013278,False
356,GAPDH,AiW001-2-DA4W,1.0444639205375401,1.079520888109845,0.03733855062070288,0.021557422252013278,False
