Target Name,A,B,DF,p-value corrected,p-value,correction method,Paired,Parametric,Test,effect size,Bayes factor
NRXN3,STN,GP,9.0,0.3549581396543807,0.347702915897914,fdr_bh,False,True,T-Test,0.411,0.568
NRXN3,STN,SN,9.0,0.3549581396543807,0.3549581396543807,fdr_bh,False,True,T-Test,0.405,0.562
NRXN3,GP,SN,16.0,0.043390306008773534,0.014463435336257843,fdr_bh,False,True,T-Test,-1.231,3.999
B2M,STN,GP,16.52,1.0,1.0,fdr_bh,False,True,T-Test,0.0,0.405
B2M,STN,SN,16.03,1.0,1.0,fdr_bh,False,True,T-Test,0.0,0.405
B2M,GP,SN,16.0,1.0,1.0,fdr_bh,False,True,T-Test,0.0,0.412
