Target Name,A,B,DF,p-value corrected,p-value,correction method,Paired,Parametric,Test,effect size,Bayes factor
B2M,NST,GP,9.0,1.0,1.0,fdr_bh,False,True,T-Test,0.0,0.405
B2M,NST,SN,12.62,1.0,1.0,fdr_bh,False,True,T-Test,0.0,0.405
B2M,GP,SN,16.0,1.0,1.0,fdr_bh,False,True,T-Test,0.0,0.412
NRXN3,NST,GP,9.41,0.007096523639932067,0.004731015759954711,fdr_bh,False,True,T-Test,-1.689,18.262
NRXN3,NST,SN,8.48,0.004834822118395066,0.0016116073727983553,fdr_bh,False,True,T-Test,-2.105,82.627
NRXN3,GP,SN,16.0,0.05485093350357167,0.05485093350357167,fdr_bh,False,True,T-Test,-0.93,1.626
