,Target Name,Sample Name,NormQuant,NormMean,NormSD,NormSEM,Outliers,,with preserve,,Target Name,Sample Name,NormQuant,NormMean,NormSD,NormSEM,Outliers
0,GAPDH,AiW001-2-IPSC,1.040859030837,1.15429515418502,0.099885132167758,0.057668707945097,False,,,0,GAPDH,AiW001-2-IPSC,1.040859030837,1.15429515418502,0.099885132167758,0.057668707945097,False
1,GAPDH,AiW001-2-IPSC,1.19295154185022,1.15429515418502,0.099885132167758,0.057668707945097,False,,,1,GAPDH,AiW001-2-IPSC,1.22907488986784,1.15429515418502,0.099885132167758,0.057668707945097,False
2,GAPDH,AiW001-2-IPSC,1.22907488986784,1.15429515418502,0.099885132167758,0.057668707945097,False,,,2,GAPDH,AiW001-2-IPSC,1.19295154185022,1.15429515418502,0.099885132167758,0.057668707945097,False
3,GAPDH,AiW002-2-DA4W,0.985979458761276,0.942855357180059,0.044091491488404,0.025456234479802,False,,,3,GAPDH,NCRM1-NPC,0.957473543126797,1.09493759249435,0.121030820792286,0.069877176964668,False
4,GAPDH,AiW002-2-DA4W,0.944730318118372,0.942855357180059,0.044091491488404,0.025456234479802,False,,,4,GAPDH,NCRM1-NPC,1.14184793231508,1.09493759249435,0.121030820792286,0.069877176964668,False
5,GAPDH,AiW002-2-DA4W,0.897856294660528,0.942855357180059,0.044091491488404,0.025456234479802,False,,,5,GAPDH,NCRM1-NPC,1.18549130204116,1.09493759249435,0.121030820792286,0.069877176964668,False
6,GAPDH,NCRM1-NPC,0.957473543126797,1.09493759249435,0.121030820792286,0.069877176964668,False,,,6,GAPDH,AJG001C4-NPC,0.915451442755197,0.91525752404592,0.04322480653941,0.024955853691198,False
7,GAPDH,NCRM1-NPC,1.14184793231508,1.09493759249435,0.121030820792286,0.069877176964668,False,,,7,GAPDH,AJG001C4-NPC,0.871936084393422,0.91525752404592,0.04322480653941,0.024955853691198,False
8,GAPDH,NCRM1-NPC,1.18549130204116,1.09493759249435,0.121030820792286,0.069877176964668,False,,,8,GAPDH,AJG001C4-NPC,0.958385044989141,0.91525752404592,0.04322480653941,0.024955853691198,False
9,GAPDH,AJG001C4-NPC,0.915451442755197,0.91525752404592,0.04322480653941,0.024955853691198,False,,,9,GAPDH,AiW002-2-DA4W,0.944730318118372,0.942855357180059,0.044091491488404,0.025456234479802,False
10,GAPDH,AJG001C4-NPC,0.871936084393422,0.91525752404592,0.04322480653941,0.024955853691198,False,,,10,GAPDH,AiW002-2-DA4W,0.897856294660528,0.942855357180059,0.044091491488404,0.025456234479802,False
11,GAPDH,AJG001C4-NPC,0.958385044989141,0.91525752404592,0.04322480653941,0.024955853691198,False,,,11,GAPDH,AiW002-2-DA4W,0.985979458761276,0.942855357180059,0.044091491488404,0.025456234479802,False
12,GAPDH,AJG001C4-DA4W,1.20159574468085,1.13882978723404,0.063290232234812,0.036540632617843,False,,,12,GAPDH,AiW002-2-NPC,0.912518028547272,0.901112382089156,0.031432679037737,0.018147665703789,False
13,GAPDH,AJG001C4-DA4W,1.13986562150056,1.13882978723404,0.063290232234812,0.036540632617843,False,,,13,GAPDH,AiW002-2-NPC,0.865569204754563,0.901112382089156,0.031432679037737,0.018147665703789,False
14,GAPDH,AJG001C4-DA4W,1.07502799552072,1.13882978723404,0.063290232234812,0.036540632617843,False,,,14,GAPDH,AiW002-2-NPC,0.925249912965634,0.901112382089156,0.031432679037737,0.018147665703789,False
15,GAPDH,AiW002-2-NPC,0.912518028547272,0.901112382089156,0.031432679037737,0.018147665703789,False,,,15,GAPDH,NCRM1-IPSC,1.11760351809117,1.22218835720817,0.118923625731446,0.068660587329057,False
16,GAPDH,AiW002-2-NPC,0.925249912965634,0.901112382089156,0.031432679037737,0.018147665703789,False,,,16,GAPDH,NCRM1-IPSC,1.19741368049811,1.22218835720817,0.118923625731446,0.068660587329057,False
17,GAPDH,AiW002-2-NPC,0.865569204754563,0.901112382089156,0.031432679037737,0.018147665703789,False,,,17,GAPDH,NCRM1-IPSC,1.35154787303522,1.22218835720817,0.118923625731446,0.068660587329057,False
18,GAPDH,NCRM1-IPSC,1.11760351809117,1.22218835720817,0.118923625731446,0.068660587329057,False,,,18,GAPDH,AJG001C4-IPSC,1.1983198319832,1.21000100010001,0.034633669834748,0.019995758602116,False
19,GAPDH,NCRM1-IPSC,1.19741368049811,1.22218835720817,0.118923625731446,0.068660587329057,False,,,19,GAPDH,AJG001C4-IPSC,1.18271827182718,1.21000100010001,0.034633669834748,0.019995758602116,False
20,GAPDH,NCRM1-IPSC,1.35154787303522,1.22218835720817,0.118923625731446,0.068660587329057,False,,,20,GAPDH,AJG001C4-IPSC,1.24896489648965,1.21000100010001,0.034633669834748,0.019995758602116,False
21,GAPDH,NCRM1-DA4W,1.17868278338481,1.12611381200774,0.074343752281446,0.052568971377063,False,,,21,GAPDH,AJG001C4-DA4W,1.20159574468085,1.13882978723404,0.063290232234812,0.036540632617843,False
22,GAPDH,NCRM1-DA4W,,,,,True,,,22,GAPDH,AJG001C4-DA4W,1.13986562150056,1.13882978723404,0.063290232234812,0.036540632617843,False
23,GAPDH,NCRM1-DA4W,1.07354484063068,1.12611381200774,0.074343752281446,0.052568971377063,False,,,23,GAPDH,AJG001C4-DA4W,1.07502799552072,1.13882978723404,0.063290232234812,0.036540632617843,False
24,GAPDH,NCRM1-DA6W,,,,,True,,,24,GAPDH,AJC001-5-NPC,,,,,True
25,GAPDH,NCRM1-DA6W,1.02646388540068,1.09037564144303,0.090384872190178,0.063911756042355,False,,,25,GAPDH,AJC001-5-NPC,1.01522195560888,1.07599730053989,0.085949317059343,0.060775344931014,False
26,GAPDH,NCRM1-DA6W,1.15428739748539,1.09037564144303,0.090384872190178,0.063911756042355,False,,,26,GAPDH,AJC001-5-NPC,1.13677264547091,1.07599730053989,0.085949317059343,0.060775344931014,False
27,GAPDH,522-266-2-DA6W,,,,,True,,,27,GAPDH,AiW001-2-NPC,,,,,True
28,GAPDH,522-266-2-DA6W,1.25570574550166,1.31026003474983,0.077151415740382,0.054554289248167,False,,,28,GAPDH,AiW001-2-NPC,0.613182167563413,0.636097232897771,0.032406796178515,0.022915065334358,False
29,GAPDH,522-266-2-DA6W,1.364814323998,1.31026003474983,0.077151415740382,0.054554289248167,False,,,29,GAPDH,AiW001-2-NPC,0.659012298232129,0.636097232897771,0.032406796178515,0.022915065334358,False
30,GAPDH,522-266-2-NPC,,,,,True,,,30,GAPDH,NCRM1-DA6W,0.868020102634824,1.03544481720658,0.159142938390314,0.091881218319276,False
31,GAPDH,522-266-2-NPC,1.03347130818022,1.09254489145648,0.08354266264726,0.059073583276258,False,,,31,GAPDH,NCRM1-DA6W,1.05355840504953,1.03544481720658,0.159142938390314,0.091881218319276,False
32,GAPDH,522-266-2-NPC,1.15161847473274,1.09254489145648,0.08354266264726,0.059073583276258,False,,,32,GAPDH,NCRM1-DA6W,1.1847559439354,1.03544481720658,0.159142938390314,0.091881218319276,False
33,GAPDH,AJC001-5-NPC,,,,,True,,,33,GAPDH,AJG001C4-DA6W,1.05875447227191,1.15985576923077,0.101978844102963,0.058877513094493,False
34,GAPDH,AJC001-5-NPC,1.01522195560888,1.07599730053989,0.085949317059343,0.060775344931014,False,,,34,GAPDH,AJG001C4-DA6W,1.15812276386404,1.15985576923077,0.101978844102963,0.058877513094493,False
35,GAPDH,AJC001-5-NPC,1.13677264547091,1.07599730053989,0.085949317059343,0.060775344931014,False,,,35,GAPDH,AJG001C4-DA6W,1.26269007155635,1.15985576923077,0.101978844102963,0.058877513094493,False
36,GAPDH,AiW001-2-NPC,,,,,True,,,36,GAPDH,AiW002-2-DA6W,0.929717621211795,0.940271824584832,0.087518467819253,0.050528810954509,False
37,GAPDH,AiW001-2-NPC,0.659012298232129,0.636097232897771,0.032406796178515,0.022915065334358,False,,,37,GAPDH,AiW002-2-DA6W,0.858509057229629,0.940271824584832,0.087518467819253,0.050528810954509,False
38,GAPDH,AiW001-2-NPC,0.613182167563413,0.636097232897771,0.032406796178515,0.022915065334358,False,,,38,GAPDH,AiW002-2-DA6W,1.03258879531307,0.940271824584832,0.087518467819253,0.050528810954509,False
39,GAPDH,AJG001C4-DA6W,1.05875447227191,1.15985576923077,0.101978844102963,0.058877513094493,False,,,39,GAPDH,NCRM1-DA4W,0.929595404595405,1.07117882117882,0.133702160466111,0.077192978336344,False
40,GAPDH,AJG001C4-DA6W,1.15812276386404,1.15985576923077,0.101978844102963,0.058877513094493,False,,,40,GAPDH,NCRM1-DA4W,1.08866133866134,1.07117882117882,0.133702160466111,0.077192978336344,False
41,GAPDH,AJG001C4-DA6W,1.26269007155635,1.15985576923077,0.101978844102963,0.058877513094493,False,,,41,GAPDH,NCRM1-DA4W,1.19527972027972,1.07117882117882,0.133702160466111,0.077192978336344,False
42,GAPDH,AiW002-2-DA6W,0.929717621211795,0.940271824584832,0.087518467819253,0.050528810954509,False,,,42,GAPDH,AiW002-2-IPSC,1.16070082325623,1.0548535930762,0.091756746503057,0.052975782293504,False
43,GAPDH,AiW002-2-DA6W,0.858509057229629,0.940271824584832,0.087518467819253,0.050528810954509,False,,,43,GAPDH,AiW002-2-IPSC,0.997858930671572,1.0548535930762,0.091756746503057,0.052975782293504,False
44,GAPDH,AiW002-2-DA6W,1.03258879531307,0.940271824584832,0.087518467819253,0.050528810954509,False,,,44,GAPDH,AiW002-2-IPSC,1.00600102530081,1.0548535930762,0.091756746503057,0.052975782293504,False
45,GAPDH,AJG001C4-IPSC,1.1983198319832,1.21000100010001,0.034633669834748,0.019995758602116,False,,,45,GAPDH,522-266-2-NPC,0.980540349638001,1.10975336982754,0.138566693987005,0.080001518074114,False
46,GAPDH,AJG001C4-IPSC,1.18271827182718,1.21000100010001,0.034633669834748,0.019995758602116,False,,,46,GAPDH,522-266-2-NPC,1.09263641179587,1.10975336982754,0.138566693987005,0.080001518074114,False
47,GAPDH,AJG001C4-IPSC,1.24896489648965,1.21000100010001,0.034633669834748,0.019995758602116,False,,,47,GAPDH,522-266-2-NPC,1.25608334804874,1.10975336982754,0.138566693987005,0.080001518074114,False
48,GAPDH,AiW002-2-IPSC,1.16070082325623,1.0548535930762,0.091756746503057,0.052975782293504,False,,,48,GAPDH,AiW001-2-DA4W,1.04446392053754,1.07952088810985,0.037338550620703,0.021557422252013,False
49,GAPDH,AiW002-2-IPSC,0.997858930671572,1.0548535930762,0.091756746503057,0.052975782293504,False,,,49,GAPDH,AiW001-2-DA4W,1.11878469179083,1.07952088810985,0.037338550620703,0.021557422252013,False
50,GAPDH,AiW002-2-IPSC,1.00600102530081,1.0548535930762,0.091756746503057,0.052975782293504,False,,,50,GAPDH,AiW001-2-DA4W,1.07531405200117,1.07952088810985,0.037338550620703,0.021557422252013,False
51,GAPDH,AiW001-2-DA4W,1.04446392053754,1.07952088810985,0.037338550620703,0.021557422252013,False,,,51,GAPDH,522-266-2-IPSC,1.06642616809463,1.12386832703181,0.076461906531763,0.044145302318866,False
52,GAPDH,AiW001-2-DA4W,1.11878469179083,1.07952088810985,0.037338550620703,0.021557422252013,False,,,52,GAPDH,522-266-2-IPSC,1.21065593673038,1.12386832703181,0.076461906531763,0.044145302318866,False
53,GAPDH,AiW001-2-DA4W,1.07531405200117,1.07952088810985,0.037338550620703,0.021557422252013,False,,,53,GAPDH,522-266-2-IPSC,1.09452287627042,1.12386832703181,0.076461906531763,0.044145302318866,False
54,GAPDH,522-266-2-IPSC,1.06642616809463,1.12386832703181,0.076461906531763,0.044145302318866,False,,,54,GAPDH,AJC001-5-IPSC,1.13113177300417,1.2151330554665,0.084739353508798,0.04892428855926,False
55,GAPDH,522-266-2-IPSC,1.09452287627042,1.12386832703181,0.076461906531763,0.044145302318866,False,,,55,GAPDH,AJC001-5-IPSC,1.21367571191233,1.2151330554665,0.084739353508798,0.04892428855926,False
56,GAPDH,522-266-2-IPSC,1.21065593673038,1.12386832703181,0.076461906531763,0.044145302318866,False,,,56,GAPDH,AJC001-5-IPSC,1.30059168148299,1.2151330554665,0.084739353508798,0.04892428855926,False
57,GAPDH,AJC001-5-IPSC,1.13113177300417,1.2151330554665,0.084739353508798,0.04892428855926,False,,,57,GAPDH,522-266-2-DA6W,1.03903187318902,1.21303172709343,0.160115107055208,0.09244250015965,False
58,GAPDH,AJC001-5-IPSC,1.21367571191233,1.2151330554665,0.084739353508798,0.04892428855926,False,,,58,GAPDH,522-266-2-DA6W,1.24590323601743,1.21303172709343,0.160115107055208,0.09244250015965,False
59,GAPDH,AJC001-5-IPSC,1.30059168148299,1.2151330554665,0.084739353508798,0.04892428855926,False,,,59,GAPDH,522-266-2-DA6W,1.35416007207383,1.21303172709343,0.160115107055208,0.09244250015965,False
60,GAPDH,AJC001-5-DA4W,1.15156345625596,1.15375528387014,0.006475650987908,0.003738718841047,False,,,60,GAPDH,AJC001-5-DA6W,1.12642594226265,1.151157484866,0.048719756260751,0.028128364391998,False
61,GAPDH,AJC001-5-DA4W,1.16104239905495,1.15375528387014,0.006475650987908,0.003738718841047,False,,,61,GAPDH,AJC001-5-DA6W,1.11976394001156,1.151157484866,0.048719756260751,0.028128364391998,False
62,GAPDH,AJC001-5-DA4W,1.14865999629951,1.15375528387014,0.006475650987908,0.003738718841047,False,,,62,GAPDH,AJC001-5-DA6W,1.20728257232379,1.151157484866,0.048719756260751,0.028128364391998,False
63,GAPDH,AJC001-5-DA6W,1.12642594226265,1.151157484866,0.048719756260751,0.028128364391998,False,,,63,GAPDH,AiW001-2-DA6W,0.963312205326755,0.975770443688138,0.015479534400343,0.008937113352968,False
64,GAPDH,AJC001-5-DA6W,1.11976394001156,1.151157484866,0.048719756260751,0.028128364391998,False,,,64,GAPDH,AiW001-2-DA6W,0.970899553501733,0.975770443688138,0.015479534400343,0.008937113352968,False
65,GAPDH,AJC001-5-DA6W,1.20728257232379,1.151157484866,0.048719756260751,0.028128364391998,False,,,65,GAPDH,AiW001-2-DA6W,0.993099572235926,0.975770443688138,0.015479534400343,0.008937113352968,False
66,GAPDH,AiW001-2-DA6W,0.970899553501733,0.975770443688138,0.015479534400343,0.008937113352968,False,,,66,GAPDH,522-266-2-DA4W,1.14177456726182,1.22417881968107,0.081744589344529,0.047195260662859,False
67,GAPDH,AiW001-2-DA6W,0.993099572235926,0.975770443688138,0.015479534400343,0.008937113352968,False,,,67,GAPDH,522-266-2-DA4W,1.22551451546954,1.22417881968107,0.081744589344529,0.047195260662859,False
68,GAPDH,AiW001-2-DA6W,0.963312205326755,0.975770443688138,0.015479534400343,0.008937113352968,False,,,68,GAPDH,522-266-2-DA4W,1.30524737631184,1.22417881968107,0.081744589344529,0.047195260662859,False
69,GAPDH,522-266-2-DA4W,1.14177456726182,1.22417881968107,0.081744589344529,0.047195260662859,False,,,69,GAPDH,AJC001-5-DA4W,1.14865999629951,1.15375528387014,0.006475650987908,0.003738718841047,False
70,GAPDH,522-266-2-DA4W,1.22551451546954,1.22417881968107,0.081744589344529,0.047195260662859,False,,,70,GAPDH,AJC001-5-DA4W,1.15156345625596,1.15375528387014,0.006475650987908,0.003738718841047,False
71,GAPDH,522-266-2-DA4W,1.30524737631184,1.22417881968107,0.081744589344529,0.047195260662859,False,,,71,GAPDH,AJC001-5-DA4W,1.16104239905495,1.15375528387014,0.006475650987908,0.003738718841047,False
72,ACTB,AiW001-2-IPSC,0.838876651982379,0.845704845814978,0.006059270794484,0.003498321624288,False,,,72,ACTB,AiW001-2-IPSC,0.838876651982379,0.845704845814978,0.006059270794484,0.003498321624288,False
73,ACTB,AiW001-2-IPSC,0.850440528634361,0.845704845814978,0.006059270794484,0.003498321624288,False,,,73,ACTB,AiW001-2-IPSC,0.850440528634361,0.845704845814978,0.006059270794484,0.003498321624288,False
74,ACTB,AiW001-2-IPSC,0.847797356828194,0.845704845814978,0.006059270794484,0.003498321624288,False,,,74,ACTB,AiW001-2-IPSC,0.847797356828194,0.845704845814978,0.006059270794484,0.003498321624288,False
75,ACTB,AiW002-2-DA4W,1.08197745880294,1.05714464281994,0.033166813201755,0.019148868530196,False,,,75,ACTB,NCRM1-NPC,0.860972272638427,0.905062407505654,0.03928913613297,0.022683593322598,False
76,ACTB,AiW002-2-DA4W,1.01947876085915,1.05714464281994,0.033166813201755,0.019148868530196,False,,,76,ACTB,NCRM1-NPC,0.917851059671069,0.905062407505654,0.03928913613297,0.022683593322598,False
77,ACTB,AiW002-2-DA4W,1.06997770879773,1.05714464281994,0.033166813201755,0.019148868530196,False,,,77,ACTB,NCRM1-NPC,0.936363890207466,0.905062407505654,0.03928913613297,0.022683593322598,False
78,ACTB,NCRM1-NPC,0.860972272638427,0.905062407505654,0.03928913613297,0.022683593322598,False,,,78,ACTB,AJG001C4-NPC,1.0619376357431,1.08474247595408,0.020097464095296,0.011603276305448,False
79,ACTB,NCRM1-NPC,0.917851059671069,0.905062407505654,0.03928913613297,0.022683593322598,False,,,79,ACTB,AJG001C4-NPC,1.09986813527769,1.08474247595408,0.020097464095296,0.011603276305448,False
80,ACTB,NCRM1-NPC,0.936363890207466,0.905062407505654,0.03928913613297,0.022683593322598,False,,,80,ACTB,AJG001C4-NPC,1.09242165684145,1.08474247595408,0.020097464095296,0.011603276305448,False
81,ACTB,AJG001C4-NPC,1.0619376357431,1.08474247595408,0.020097464095296,0.011603276305448,False,,,81,ACTB,AiW002-2-DA4W,1.08197745880294,1.05714464281994,0.033166813201755,0.019148868530196,False
82,ACTB,AJG001C4-NPC,1.09986813527769,1.08474247595408,0.020097464095296,0.011603276305448,False,,,82,ACTB,AiW002-2-DA4W,1.06997770879773,1.05714464281994,0.033166813201755,0.019148868530196,False
83,ACTB,AJG001C4-NPC,1.09242165684145,1.08474247595408,0.020097464095296,0.011603276305448,False,,,83,ACTB,AiW002-2-DA4W,1.01947876085915,1.05714464281994,0.033166813201755,0.019148868530196,False
84,ACTB,AJG001C4-DA4W,0.908734602463606,0.861170212765958,0.041827697058458,0.024149232156283,False,,,84,ACTB,AiW002-2-NPC,1.1126473367484,1.09888761791084,0.016077011632288,0.009282066993666,False
85,ACTB,AJG001C4-DA4W,0.830123180291153,0.861170212765958,0.041827697058458,0.024149232156283,False,,,85,ACTB,AiW002-2-NPC,1.08121549709057,1.09888761791084,0.016077011632288,0.009282066993666,False
86,ACTB,AJG001C4-DA4W,0.844652855543113,0.861170212765958,0.041827697058458,0.024149232156283,False,,,86,ACTB,AiW002-2-NPC,1.10280001989357,1.09888761791084,0.016077011632288,0.009282066993666,False
87,ACTB,AiW002-2-NPC,1.08121549709057,1.09888761791084,0.016077011632288,0.009282066993666,False,,,87,ACTB,NCRM1-IPSC,0.753036966081769,0.777811642791832,0.031113410363535,0.017963335848794,False
88,ACTB,AiW002-2-NPC,1.10280001989357,1.09888761791084,0.016077011632288,0.009282066993666,False,,,88,ACTB,NCRM1-IPSC,0.767666652153089,0.777811642791832,0.031113410363535,0.017963335848794,False
89,ACTB,AiW002-2-NPC,1.1126473367484,1.09888761791084,0.016077011632288,0.009282066993666,False,,,89,ACTB,NCRM1-IPSC,0.812731310140637,0.777811642791832,0.031113410363535,0.017963335848794,False
90,ACTB,NCRM1-IPSC,0.753036966081769,0.777811642791832,0.031113410363535,0.017963335848794,False,,,90,ACTB,AJG001C4-IPSC,0.798799879987999,0.78999899989999,0.013914320670729,0.008033436784836,False
91,ACTB,NCRM1-IPSC,0.767666652153089,0.777811642791832,0.031113410363535,0.017963335848794,False,,,91,ACTB,AJG001C4-IPSC,0.797239723972397,0.78999899989999,0.013914320670729,0.008033436784836,False
92,ACTB,NCRM1-IPSC,0.812731310140637,0.777811642791832,0.031113410363535,0.017963335848794,False,,,92,ACTB,AJG001C4-IPSC,0.773957395739574,0.78999899989999,0.013914320670729,0.008033436784836,False
93,ACTB,NCRM1-DA4W,0.839330308985858,0.915924125328171,0.082066070714186,0.04738086801817,False,,,93,ACTB,AJG001C4-DA4W,0.830123180291153,0.861170212765958,0.041827697058458,0.024149232156283,False
94,ACTB,NCRM1-DA4W,0.905900432964402,0.915924125328171,0.082066070714186,0.04738086801817,False,,,94,ACTB,AJG001C4-DA4W,0.844652855543113,0.861170212765958,0.041827697058458,0.024149232156283,False
95,ACTB,NCRM1-DA4W,1.00254163403425,0.915924125328171,0.082066070714186,0.04738086801817,False,,,95,ACTB,AJG001C4-DA4W,0.908734602463606,0.861170212765958,0.041827697058458,0.024149232156283,False
96,ACTB,NCRM1-DA6W,0.867324000434088,0.939749572371311,0.07880630196069,0.045498839650843,False,,,96,ACTB,AJC001-5-NPC,0.92126574685063,0.949335132973405,0.052828216278738,0.030500384889337,False
97,ACTB,NCRM1-DA6W,0.928251399159729,0.939749572371311,0.07880630196069,0.045498839650843,False,,,97,ACTB,AJC001-5-NPC,1.01027294541092,0.949335132973405,0.052828216278738,0.030500384889337,False
98,ACTB,NCRM1-DA6W,1.02367331752012,0.939749572371311,0.07880630196069,0.045498839650843,False,,,98,ACTB,AJC001-5-NPC,0.916466706658668,0.949335132973405,0.052828216278738,0.030500384889337,False
99,ACTB,522-266-2-DA6W,0.749845392702536,0.793159976833446,0.039219619115535,0.022643457653869,False,,,99,ACTB,AiW001-2-NPC,1.23308993082244,1.24260184473482,0.008775943897562,0.005066793571651,False
100,ACTB,522-266-2-DA6W,0.803368966634273,0.793159976833446,0.039219619115535,0.022643457653869,False,,,100,ACTB,AiW001-2-NPC,1.25038431975404,1.24260184473482,0.008775943897562,0.005066793571651,False
101,ACTB,522-266-2-DA6W,0.82626557116353,0.793159976833446,0.039219619115535,0.022643457653869,False,,,101,ACTB,AiW001-2-NPC,1.24433128362798,1.24260184473482,0.008775943897562,0.005066793571651,False
102,ACTB,522-266-2-NPC,1.00912718501534,0.938303405695681,0.061595603044744,0.03556223799878,False,,,102,ACTB,NCRM1-DA6W,0.890217866946017,0.964555182793418,0.08088647148959,0.046699826088314,False
103,ACTB,522-266-2-NPC,0.908549477383044,0.938303405695681,0.061595603044744,0.03556223799878,False,,,103,ACTB,NCRM1-DA6W,0.952753504037766,0.964555182793418,0.08088647148959,0.046699826088314,False
104,ACTB,522-266-2-NPC,0.897233554688663,0.938303405695681,0.061595603044744,0.03556223799878,False,,,104,ACTB,NCRM1-DA6W,1.05069417739647,0.964555182793418,0.08088647148959,0.046699826088314,False
105,ACTB,AJC001-5-NPC,0.92126574685063,0.949335132973405,0.052828216278738,0.030500384889337,False,,,105,ACTB,AJG001C4-DA6W,0.7985521019678,0.840144230769231,0.048594951986672,0.028056308610762,False
106,ACTB,AJC001-5-NPC,1.01027294541092,0.949335132973405,0.052828216278738,0.030500384889337,False,,,106,ACTB,AJG001C4-DA6W,0.828320661896243,0.840144230769231,0.048594951986672,0.028056308610762,False
107,ACTB,AJC001-5-NPC,0.916466706658668,0.949335132973405,0.052828216278738,0.030500384889337,False,,,107,ACTB,AJG001C4-DA6W,0.893559928443649,0.840144230769231,0.048594951986672,0.028056308610762,False
108,ACTB,AiW001-2-NPC,1.25038431975404,1.24260184473482,0.008775943897562,0.005066793571651,False,,,108,ACTB,AiW002-2-DA6W,0.996144484890258,1.05972817541517,0.090425175030642,0.05220699914546,False
109,ACTB,AiW001-2-NPC,1.24433128362798,1.24260184473482,0.008775943897562,0.005066793571651,False,,,109,ACTB,AiW002-2-DA6W,1.01979451612208,1.05972817541517,0.090425175030642,0.05220699914546,False
110,ACTB,AiW001-2-NPC,1.23308993082244,1.24260184473482,0.008775943897562,0.005066793571651,False,,,110,ACTB,AiW002-2-DA6W,1.16324552523316,1.05972817541517,0.090425175030642,0.05220699914546,False
111,ACTB,AJG001C4-DA6W,0.7985521019678,0.840144230769231,0.048594951986672,0.028056308610762,False,,,111,ACTB,NCRM1-DA4W,0.851148851148851,0.928821178821179,0.083221636415202,0.048048034186718,False
112,ACTB,AJG001C4-DA6W,0.828320661896243,0.840144230769231,0.048594951986672,0.028056308610762,False,,,112,ACTB,NCRM1-DA4W,0.918656343656344,0.928821178821179,0.083221636415202,0.048048034186718,False
113,ACTB,AJG001C4-DA6W,0.893559928443649,0.840144230769231,0.048594951986672,0.028056308610762,False,,,113,ACTB,NCRM1-DA4W,1.01665834165834,0.928821178821179,0.083221636415202,0.048048034186718,False
114,ACTB,AiW002-2-DA6W,1.16324552523316,1.05972817541517,0.090425175030642,0.05220699914546,False,,,114,ACTB,AiW002-2-IPSC,0.948644492023763,0.945146406923796,0.007679283033634,0.004433636126652,False
115,ACTB,AiW002-2-DA6W,1.01979451612208,1.05972817541517,0.090425175030642,0.05220699914546,False,,,115,ACTB,AiW002-2-IPSC,0.936340882361811,0.945146406923796,0.007679283033634,0.004433636126652,False
116,ACTB,AiW002-2-DA6W,0.996144484890258,1.05972817541517,0.090425175030642,0.05220699914546,False,,,116,ACTB,AiW002-2-IPSC,0.950453846385814,0.945146406923796,0.007679283033634,0.004433636126652,False
117,ACTB,AJG001C4-IPSC,0.798799879987999,0.78999899989999,0.013914320670729,0.008033436784836,False,,,117,ACTB,522-266-2-NPC,0.957443051386191,0.890246630172464,0.058440881394188,0.033740858604614,False
118,ACTB,AJG001C4-IPSC,0.797239723972397,0.78999899989999,0.013914320670729,0.008033436784836,False,,,118,ACTB,522-266-2-NPC,0.862016598975808,0.890246630172464,0.058440881394188,0.033740858604614,False
119,ACTB,AJG001C4-IPSC,0.773957395739574,0.78999899989999,0.013914320670729,0.008033436784836,False,,,119,ACTB,522-266-2-NPC,0.851280240155395,0.890246630172464,0.058440881394188,0.033740858604614,False
120,ACTB,AiW002-2-IPSC,0.936340882361811,0.945146406923796,0.007679283033634,0.004433636126652,False,,,120,ACTB,AiW001-2-DA4W,0.933567046450482,0.920479111890155,0.043455716027589,0.025089169346356,False
121,ACTB,AiW002-2-IPSC,0.948644492023763,0.945146406923796,0.007679283033634,0.004433636126652,False,,,121,ACTB,AiW001-2-DA4W,0.955886649138183,0.920479111890155,0.043455716027589,0.025089169346356,False
122,ACTB,AiW002-2-IPSC,0.950453846385814,0.945146406923796,0.007679283033634,0.004433636126652,False,,,122,ACTB,AiW001-2-DA4W,0.8719836400818,0.920479111890155,0.043455716027589,0.025089169346356,False
123,ACTB,AiW001-2-DA4W,0.955886649138183,0.920479111890155,0.043455716027589,0.025089169346356,False,,,123,ACTB,522-266-2-IPSC,0.877033542613341,0.876131672968192,0.002716260980326,0.00156823400818,False
124,ACTB,AiW001-2-DA4W,0.933567046450482,0.920479111890155,0.043455716027589,0.025089169346356,False,,,124,ACTB,522-266-2-IPSC,0.878282285198932,0.876131672968192,0.002716260980326,0.00156823400818,False
125,ACTB,AiW001-2-DA4W,0.8719836400818,0.920479111890155,0.043455716027589,0.025089169346356,False,,,125,ACTB,522-266-2-IPSC,0.873079191092303,0.876131672968192,0.002716260980326,0.00156823400818,False
126,ACTB,522-266-2-IPSC,0.877033542613341,0.876131672968192,0.002716260980326,0.00156823400818,False,,,126,ACTB,AJC001-5-IPSC,0.794485411991023,0.784866944533504,0.034170825054297,0.01972853504353,False
127,ACTB,522-266-2-IPSC,0.878282285198932,0.876131672968192,0.002716260980326,0.00156823400818,False,,,127,ACTB,AJC001-5-IPSC,0.813197703226559,0.784866944533504,0.034170825054297,0.01972853504353,False
128,ACTB,522-266-2-IPSC,0.873079191092303,0.876131672968192,0.002716260980326,0.00156823400818,False,,,128,ACTB,AJC001-5-IPSC,0.746917718382932,0.784866944533504,0.034170825054297,0.01972853504353,False
129,ACTB,AJC001-5-IPSC,0.794485411991023,0.784866944533504,0.034170825054297,0.01972853504353,False,,,129,ACTB,522-266-2-DA6W,0.743991818646668,0.786968272906572,0.038913456075567,0.022466694340327,False
130,ACTB,AJC001-5-IPSC,0.813197703226559,0.784866944533504,0.034170825054297,0.01972853504353,False,,,130,ACTB,522-266-2-DA6W,0.79709756750834,0.786968272906572,0.038913456075567,0.022466694340327,False
131,ACTB,AJC001-5-IPSC,0.746917718382932,0.784866944533504,0.034170825054297,0.01972853504353,False,,,131,ACTB,522-266-2-DA6W,0.819815432564708,0.786968272906572,0.038913456075567,0.022466694340327,False
132,ACTB,AJC001-5-DA4W,0.862754586470446,0.846244716129859,0.036951295402201,0.021333840347366,False,,,132,ACTB,AJC001-5-DA6W,0.853375110272868,0.848842515134001,0.02942070497877,0.016986051939241,False
133,ACTB,AJC001-5-DA4W,0.803916824411836,0.846244716129859,0.036951295402201,0.021333840347366,False,,,133,ACTB,AJC001-5-DA6W,0.817418550177957,0.848842515134001,0.02942070497877,0.016986051939241,False
134,ACTB,AJC001-5-DA4W,0.872062737507294,0.846244716129859,0.036951295402201,0.021333840347366,False,,,134,ACTB,AJC001-5-DA6W,0.875733884951176,0.848842515134001,0.02942070497877,0.016986051939241,False
135,ACTB,AJC001-5-DA6W,0.817418550177957,0.848842515134001,0.02942070497877,0.016986051939241,False,,,135,ACTB,AiW001-2-DA6W,0.995535017329128,1.02422955631186,0.032675237988577,0.01886505744854,False
136,ACTB,AJC001-5-DA6W,0.875733884951176,0.848842515134001,0.02942070497877,0.016986051939241,False,,,136,ACTB,AiW001-2-DA6W,1.05979329940363,1.02422955631186,0.032675237988577,0.01886505744854,False
137,ACTB,AJC001-5-DA6W,0.853375110272868,0.848842515134001,0.02942070497877,0.016986051939241,False,,,137,ACTB,AiW001-2-DA6W,1.01736035220283,1.02422955631186,0.032675237988577,0.01886505744854,False
138,ACTB,AiW001-2-DA6W,0.995535017329128,1.02422955631186,0.032675237988577,0.01886505744854,False,,,138,ACTB,522-266-2-DA4W,0.756439961837263,0.775821180318931,0.022244175359508,0.012842680631713,False
139,ACTB,AiW001-2-DA6W,1.05979329940363,1.02422955631186,0.032675237988577,0.01886505744854,False,,,139,ACTB,522-266-2-DA4W,0.770914542728636,0.775821180318931,0.022244175359508,0.012842680631713,False
140,ACTB,AiW001-2-DA6W,1.01736035220283,1.02422955631186,0.032675237988577,0.01886505744854,False,,,140,ACTB,522-266-2-DA4W,0.800109036390895,0.775821180318931,0.022244175359508,0.012842680631713,False
141,ACTB,522-266-2-DA4W,0.756439961837263,0.775821180318931,0.022244175359508,0.012842680631713,False,,,141,ACTB,AJC001-5-DA4W,0.803916824411836,0.846244716129859,0.036951295402201,0.021333840347366,False
142,ACTB,522-266-2-DA4W,0.770914542728636,0.775821180318931,0.022244175359508,0.012842680631713,False,,,142,ACTB,AJC001-5-DA4W,0.872062737507294,0.846244716129859,0.036951295402201,0.021333840347366,False
143,ACTB,522-266-2-DA4W,0.800109036390895,0.775821180318931,0.022244175359508,0.012842680631713,False,,,143,ACTB,AJC001-5-DA4W,0.862754586470446,0.846244716129859,0.036951295402201,0.021333840347366,False
144,KCNJ6,AiW001-2-IPSC,0.132488986784141,0.135058737151248,0.019729441829709,0.011390798551344,False,,,144,KCNJ6,AiW001-2-IPSC,0.132488986784141,0.135058737151248,0.019729441829709,0.011390798551344,False
145,KCNJ6,AiW001-2-IPSC,0.116740088105727,0.135058737151248,0.019729441829709,0.011390798551344,False,,,145,KCNJ6,AiW001-2-IPSC,0.116740088105727,0.135058737151248,0.019729441829709,0.011390798551344,False
146,KCNJ6,AiW001-2-IPSC,0.155947136563877,0.135058737151248,0.019729441829709,0.011390798551344,False,,,146,KCNJ6,AiW001-2-IPSC,0.155947136563877,0.135058737151248,0.019729441829709,0.011390798551344,False
147,KCNJ6,AiW002-2-DA4W,2.90093956375909,3.12643486594029,0.208834552504627,0.120570685104642,False,,,147,KCNJ6,NCRM1-NPC,0.650462122692877,0.695501633485047,0.055809310215202,0.032221520276034,False
148,KCNJ6,AiW002-2-DA4W,3.16518405866544,3.12643486594029,0.208834552504627,0.120570685104642,False,,,148,KCNJ6,NCRM1-NPC,0.75793706196074,0.695501633485047,0.055809310215202,0.032221520276034,False
149,KCNJ6,AiW002-2-DA4W,3.31318097539635,3.12643486594029,0.208834552504627,0.120570685104642,False,,,149,KCNJ6,NCRM1-NPC,0.678105715801525,0.695501633485047,0.055809310215202,0.032221520276034,False
150,KCNJ6,NCRM1-NPC,0.678105715801525,0.695501633485047,0.055809310215202,0.032221520276034,False,,,150,KCNJ6,AJG001C4-NPC,0.116002171889544,0.114605957182749,0.009848016119841,0.005685754757774,False
151,KCNJ6,NCRM1-NPC,0.650462122692877,0.695501633485047,0.055809310215202,0.032221520276034,False,,,151,KCNJ6,AJG001C4-NPC,0.104134346881787,0.114605957182749,0.009848016119841,0.005685754757774,False
152,KCNJ6,NCRM1-NPC,0.75793706196074,0.695501633485047,0.055809310215202,0.032221520276034,False,,,152,KCNJ6,AJG001C4-NPC,0.123681352776916,0.114605957182749,0.009848016119841,0.005685754757774,False
153,KCNJ6,AJG001C4-NPC,0.104134346881787,0.114605957182749,0.009848016119841,0.005685754757774,False,,,153,KCNJ6,AiW002-2-DA4W,3.31318097539635,3.12643486594029,0.208834552504627,0.120570685104642,False
154,KCNJ6,AJG001C4-NPC,0.123681352776916,0.114605957182749,0.009848016119841,0.005685754757774,False,,,154,KCNJ6,AiW002-2-DA4W,2.90093956375909,3.12643486594029,0.208834552504627,0.120570685104642,False
155,KCNJ6,AJG001C4-NPC,0.116002171889544,0.114605957182749,0.009848016119841,0.005685754757774,False,,,155,KCNJ6,AiW002-2-DA4W,3.16518405866544,3.12643486594029,0.208834552504627,0.120570685104642,False
156,KCNJ6,AJG001C4-DA4W,4.12844344904815,4.31506159014558,0.263917906124833,0.186618141097424,False,,,156,KCNJ6,AiW002-2-NPC,0.798826279405182,0.854196714245454,0.053879753558211,0.031107490220704,False
157,KCNJ6,AJG001C4-DA4W,4.501679731243,4.31506159014558,0.263917906124833,0.186618141097424,False,,,157,KCNJ6,AiW002-2-NPC,0.906450489879147,0.854196714245454,0.053879753558211,0.031107490220704,False
158,KCNJ6,AJG001C4-DA4W,,,,,True,,,158,KCNJ6,AiW002-2-NPC,0.857313373452032,0.854196714245454,0.053879753558211,0.031107490220704,False
159,KCNJ6,AiW002-2-NPC,0.798826279405182,0.854196714245454,0.053879753558211,0.031107490220704,False,,,159,KCNJ6,NCRM1-IPSC,0.416292942047285,0.37566943875996,0.038595046467684,0.022282860467503,False
160,KCNJ6,AiW002-2-NPC,0.857313373452032,0.854196714245454,0.053879753558211,0.031107490220704,False,,,160,KCNJ6,NCRM1-IPSC,0.371228284059738,0.37566943875996,0.038595046467684,0.022282860467503,False
161,KCNJ6,AiW002-2-NPC,0.906450489879147,0.854196714245454,0.053879753558211,0.031107490220704,False,,,161,KCNJ6,NCRM1-IPSC,0.339487090172857,0.37566943875996,0.038595046467684,0.022282860467503,False
162,KCNJ6,NCRM1-IPSC,0.416292942047285,0.37566943875996,0.038595046467684,0.022282860467503,False,,,162,KCNJ6,AJG001C4-IPSC,0.326792679267927,0.292589258925893,0.052235008106915,0.030157895991649,False
163,KCNJ6,NCRM1-IPSC,0.339487090172857,0.37566943875996,0.038595046467684,0.022282860467503,False,,,163,KCNJ6,AJG001C4-IPSC,0.232463246324632,0.292589258925893,0.052235008106915,0.030157895991649,False
164,KCNJ6,NCRM1-IPSC,0.371228284059738,0.37566943875996,0.038595046467684,0.022282860467503,False,,,164,KCNJ6,AJG001C4-IPSC,0.318511851185118,0.292589258925893,0.052235008106915,0.030157895991649,False
165,KCNJ6,NCRM1-DA4W,1.70378141947305,1.80781109157271,0.121433112159136,0.070109439993611,False,,,165,KCNJ6,AJG001C4-DA4W,4.501679731243,4.69454087346025,0.683256840420719,0.394478520742555,False
166,KCNJ6,NCRM1-DA4W,1.77840497687409,1.80781109157271,0.121433112159136,0.070109439993611,False,,,166,KCNJ6,AJG001C4-DA4W,5.45349944008959,4.69454087346025,0.683256840420719,0.394478520742555,False
167,KCNJ6,NCRM1-DA4W,1.94124687837099,1.80781109157271,0.121433112159136,0.070109439993611,False,,,167,KCNJ6,AJG001C4-DA4W,4.12844344904815,4.69454087346025,0.683256840420719,0.394478520742555,False
168,KCNJ6,NCRM1-DA6W,2.03029316465901,1.89681100103871,0.132523843541723,0.076512676742858,False,,,168,KCNJ6,AJC001-5-NPC,0.170065986802639,0.179626574685063,0.013520713047583,0.009560587882424,False
169,KCNJ6,NCRM1-DA6W,1.89487310667721,1.89681100103871,0.132523843541723,0.076512676742858,False,,,169,KCNJ6,AJC001-5-NPC,0.189187162567487,0.179626574685063,0.013520713047583,0.009560587882424,False
170,KCNJ6,NCRM1-DA6W,1.76526673177992,1.89681100103871,0.132523843541723,0.076512676742858,False,,,170,KCNJ6,AJC001-5-NPC,,,,,True
171,KCNJ6,522-266-2-DA6W,3.69997349589186,3.99002169410333,0.280955742448438,0.162209873532977,False,,,171,KCNJ6,AiW001-2-NPC,1.21339354342813,1.30790417627466,0.133941510935375,0.077331167394204,False
172,KCNJ6,522-266-2-DA6W,4.00918809082075,3.99002169410333,0.280955742448438,0.162209873532977,False,,,172,KCNJ6,AiW001-2-NPC,1.24913528055342,1.30790417627466,0.133941510935375,0.077331167394204,False
173,KCNJ6,522-266-2-DA6W,4.26090349559737,3.99002169410333,0.280955742448438,0.162209873532977,False,,,173,KCNJ6,AiW001-2-NPC,1.46118370484243,1.30790417627466,0.133941510935375,0.077331167394204,False
174,KCNJ6,522-266-2-NPC,0.042806944403085,0.034915577260951,0.009834878207243,0.005678169580399,False,,,174,KCNJ6,NCRM1-DA6W,1.81186267619641,1.94687918528636,0.136021940195538,0.078532303787589,False
175,KCNJ6,522-266-2-NPC,0.023897442005896,0.034915577260951,0.009834878207243,0.005678169580399,False,,,175,KCNJ6,NCRM1-DA6W,1.94489013830507,1.94687918528636,0.136021940195538,0.078532303787589,False
176,KCNJ6,522-266-2-NPC,0.038042345373872,0.034915577260951,0.009834878207243,0.005678169580399,False,,,176,KCNJ6,NCRM1-DA6W,2.08388474135759,1.94687918528636,0.136021940195538,0.078532303787589,False
177,KCNJ6,AJC001-5-NPC,,,,,True,,,177,KCNJ6,AJG001C4-DA6W,4.20139199463327,4.43646578711986,0.317273966021696,0.183178209689486,False
178,KCNJ6,AJC001-5-NPC,0.170065986802639,0.179626574685063,0.013520713047583,0.009560587882424,False,,,178,KCNJ6,AJG001C4-DA6W,4.79735017889088,4.43646578711986,0.317273966021696,0.183178209689486,False
179,KCNJ6,AJC001-5-NPC,0.189187162567487,0.179626574685063,0.013520713047583,0.009560587882424,False,,,179,KCNJ6,AJG001C4-DA6W,4.31065518783542,4.43646578711986,0.317273966021696,0.183178209689486,False
180,KCNJ6,AiW001-2-NPC,1.21339354342813,1.30790417627466,0.133941510935375,0.077331167394204,False,,,180,KCNJ6,AiW002-2-DA6W,3.01919141878648,3.2012406573761,0.336236472961853,0.194126218175896,False
181,KCNJ6,AiW001-2-NPC,1.24913528055342,1.30790417627466,0.133941510935375,0.077331167394204,False,,,181,KCNJ6,AiW002-2-DA6W,3.58924763607384,3.2012406573761,0.336236472961853,0.194126218175896,False
182,KCNJ6,AiW001-2-NPC,1.46118370484243,1.30790417627466,0.133941510935375,0.077331167394204,False,,,182,KCNJ6,AiW002-2-DA6W,2.99528291726797,3.2012406573761,0.336236472961853,0.194126218175896,False
183,KCNJ6,AJG001C4-DA6W,4.31065518783542,4.43646578711986,0.317273966021696,0.183178209689486,False,,,183,KCNJ6,NCRM1-DA4W,1.80344655344655,1.83326673326673,0.123143001985193,0.07109664534497,False
184,KCNJ6,AJG001C4-DA6W,4.79735017889088,4.43646578711986,0.317273966021696,0.183178209689486,False,,,184,KCNJ6,NCRM1-DA4W,1.72777222777223,1.83326673326673,0.123143001985193,0.07109664534497,False
185,KCNJ6,AJG001C4-DA6W,4.20139199463327,4.43646578711986,0.317273966021696,0.183178209689486,False,,,185,KCNJ6,NCRM1-DA4W,1.96858141858142,1.83326673326673,0.123143001985193,0.07109664534497,False
186,KCNJ6,AiW002-2-DA6W,3.58924763607384,3.2012406573761,0.336236472961853,0.194126218175896,False,,,186,KCNJ6,AiW002-2-IPSC,0.647206055305932,0.663912427248877,0.036217079938219,0.020909940851593,False
187,KCNJ6,AiW002-2-DA6W,2.99528291726797,3.2012406573761,0.336236472961853,0.194126218175896,False,,,187,KCNJ6,AiW002-2-IPSC,0.705467265764,0.663912427248877,0.036217079938219,0.020909940851593,False
188,KCNJ6,AiW002-2-DA6W,3.01919141878648,3.2012406573761,0.336236472961853,0.194126218175896,False,,,188,KCNJ6,AiW002-2-IPSC,0.639063960676699,0.663912427248877,0.036217079938219,0.020909940851593,False
189,KCNJ6,AJG001C4-IPSC,,,,,True,,,189,KCNJ6,522-266-2-NPC,0.036093943139679,0.033127317676143,0.009331168499451,0.005387352645012,False
190,KCNJ6,AJG001C4-IPSC,0.318511851185118,0.322652265226523,0.005855429691194,0.004140414041404,False,,,190,KCNJ6,522-266-2-NPC,0.022673494614162,0.033127317676143,0.009331168499451,0.005387352645012,False
191,KCNJ6,AJG001C4-IPSC,0.326792679267927,0.322652265226523,0.005855429691194,0.004140414041404,False,,,191,KCNJ6,522-266-2-NPC,0.04061451527459,0.033127317676143,0.009331168499451,0.005387352645012,False
192,KCNJ6,AiW002-2-IPSC,0.705467265764,0.663912427248877,0.036217079938219,0.020909940851593,False,,,192,KCNJ6,AiW001-2-DA4W,3.5457785568215,3.10631999220956,0.402648181542111,0.232469036002051,False
193,KCNJ6,AiW002-2-IPSC,0.647206055305932,0.663912427248877,0.036217079938219,0.020909940851593,False,,,193,KCNJ6,AiW001-2-DA4W,2.75512708150745,3.10631999220956,0.402648181542111,0.232469036002051,False
194,KCNJ6,AiW002-2-IPSC,0.639063960676699,0.663912427248877,0.036217079938219,0.020909940851593,False,,,194,KCNJ6,AiW001-2-DA4W,3.01805433829974,3.10631999220956,0.402648181542111,0.232469036002051,False
195,KCNJ6,AiW001-2-DA4W,3.5457785568215,3.10631999220956,0.402648181542111,0.232469036002051,False,,,195,KCNJ6,522-266-2-IPSC,0.686184050782198,0.726906933990079,0.048006864072847,0.027716775895408,False
196,KCNJ6,AiW001-2-DA4W,3.01805433829974,3.10631999220956,0.402648181542111,0.232469036002051,False,,,196,KCNJ6,522-266-2-IPSC,0.714697006486524,0.726906933990079,0.048006864072847,0.027716775895408,False
197,KCNJ6,AiW001-2-DA4W,2.75512708150745,3.10631999220956,0.402648181542111,0.232469036002051,False,,,197,KCNJ6,522-266-2-IPSC,0.779839744701516,0.726906933990079,0.048006864072847,0.027716775895408,False
198,KCNJ6,522-266-2-IPSC,0.779839744701516,0.726906933990079,0.048006864072847,0.027716775895408,False,,,198,KCNJ6,AJC001-5-IPSC,0.454341426447871,0.435454253985835,0.017526554291458,0.01011896083814,False
199,KCNJ6,522-266-2-IPSC,0.714697006486524,0.726906933990079,0.048006864072847,0.027716775895408,False,,,199,KCNJ6,AJC001-5-IPSC,0.432306391908829,0.435454253985835,0.017526554291458,0.01011896083814,False
200,KCNJ6,522-266-2-IPSC,0.686184050782198,0.726906933990079,0.048006864072847,0.027716775895408,False,,,200,KCNJ6,AJC001-5-IPSC,0.419714943600805,0.435454253985835,0.017526554291458,0.01011896083814,False
201,KCNJ6,AJC001-5-IPSC,0.419714943600805,0.435454253985835,0.017526554291458,0.01011896083814,False,,,201,KCNJ6,522-266-2-DA6W,3.67109011663298,3.95887408994619,0.278762496666243,0.160943602490227,False
202,KCNJ6,AJC001-5-IPSC,0.432306391908829,0.435454253985835,0.017526554291458,0.01011896083814,False,,,202,KCNJ6,522-266-2-DA6W,4.22764128661521,3.95887408994619,0.278762496666243,0.160943602490227,False
203,KCNJ6,AJC001-5-IPSC,0.454341426447871,0.435454253985835,0.017526554291458,0.01011896083814,False,,,203,KCNJ6,522-266-2-DA6W,3.97789086659037,3.95887408994619,0.278762496666243,0.160943602490227,False
204,KCNJ6,AJC001-5-DA4W,6.53380965258109,5.89157569633225,0.566747863272284,0.327212031422898,False,,,204,KCNJ6,AJC001-5-DA6W,5.61442521218021,5.99501110333708,0.46091595241528,0.266109949200755,False
205,KCNJ6,AJC001-5-DA4W,5.46157896984102,5.89157569633225,0.566747863272284,0.327212031422898,False,,,205,KCNJ6,AJC001-5-DA6W,5.86310954278587,5.99501110333708,0.46091595241528,0.266109949200755,False
206,KCNJ6,AJC001-5-DA4W,5.67933846657463,5.89157569633225,0.566747863272284,0.327212031422898,False,,,206,KCNJ6,AJC001-5-DA6W,6.50749855504517,5.99501110333708,0.46091595241528,0.266109949200755,False
207,KCNJ6,AJC001-5-DA6W,5.61442521218021,5.99501110333708,0.46091595241528,0.266109949200755,False,,,207,KCNJ6,AiW001-2-DA6W,2.84347581727917,2.74952383926062,0.236660819545907,0.136636187871467,False
208,KCNJ6,AJC001-5-DA6W,5.86310954278587,5.99501110333708,0.46091595241528,0.266109949200755,False,,,208,KCNJ6,AiW001-2-DA6W,2.92478221500609,2.74952383926062,0.236660819545907,0.136636187871467,False
209,KCNJ6,AJC001-5-DA6W,6.50749855504517,5.99501110333708,0.46091595241528,0.266109949200755,False,,,209,KCNJ6,AiW001-2-DA6W,2.48031348549661,2.74952383926062,0.236660819545907,0.136636187871467,False
210,KCNJ6,AiW001-2-DA6W,2.48031348549661,2.74952383926062,0.236660819545907,0.136636187871467,False,,,210,KCNJ6,522-266-2-DA4W,3.33111626005179,3.4990323020308,0.147249601389905,0.085014597000527,False
211,KCNJ6,AiW001-2-DA6W,2.84347581727917,2.74952383926062,0.236660819545907,0.136636187871467,False,,,211,KCNJ6,522-266-2-DA4W,3.60613329698787,3.4990323020308,0.147249601389905,0.085014597000527,False
212,KCNJ6,AiW001-2-DA6W,2.92478221500609,2.74952383926062,0.236660819545907,0.136636187871467,False,,,212,KCNJ6,522-266-2-DA4W,3.55984734905275,3.4990323020308,0.147249601389905,0.085014597000527,False
213,KCNJ6,522-266-2-DA4W,3.55984734905275,3.4990323020308,0.147249601389905,0.085014597000527,False,,,213,KCNJ6,AJC001-5-DA4W,5.67933846657463,5.89157569633225,0.566747863272284,0.327212031422898,False
214,KCNJ6,522-266-2-DA4W,3.33111626005179,3.4990323020308,0.147249601389905,0.085014597000527,False,,,214,KCNJ6,AJC001-5-DA4W,5.46157896984102,5.89157569633225,0.566747863272284,0.327212031422898,False
215,KCNJ6,522-266-2-DA4W,3.60613329698787,3.4990323020308,0.147249601389905,0.085014597000527,False,,,215,KCNJ6,AJC001-5-DA4W,6.53380965258109,5.89157569633225,0.566747863272284,0.327212031422898,False
216,SYP,AiW001-2-IPSC,0.091519823788546,0.097944199706314,0.006737292232495,0.00388977748404,False,,,216,SYP,AiW001-2-IPSC,0.104955947136564,0.097944199706314,0.006737292232495,0.00388977748404,False
217,SYP,AiW001-2-IPSC,0.097356828193833,0.097944199706314,0.006737292232495,0.00388977748404,False,,,217,SYP,AiW001-2-IPSC,0.097356828193833,0.097944199706314,0.006737292232495,0.00388977748404,False
218,SYP,AiW001-2-IPSC,0.104955947136564,0.097944199706314,0.006737292232495,0.00388977748404,False,,,218,SYP,AiW001-2-IPSC,0.091519823788546,0.097944199706314,0.006737292232495,0.00388977748404,False
219,SYP,AiW002-2-DA4W,5.7502552030166,6.06316535072186,0.484179124615971,0.279540947933028,False,,,219,SYP,NCRM1-NPC,1.3578030324184,1.4060815904839,0.043323793773687,0.025013003997554,False
220,SYP,AiW002-2-DA4W,5.81837878377534,6.06316535072186,0.484179124615971,0.279540947933028,False,,,220,SYP,NCRM1-NPC,1.41887024264932,1.4060815904839,0.043323793773687,0.025013003997554,False
221,SYP,AiW002-2-DA4W,6.62086206537364,6.06316535072186,0.484179124615971,0.279540947933028,False,,,221,SYP,NCRM1-NPC,1.44157149638399,1.4060815904839,0.043323793773687,0.025013003997554,False
222,SYP,NCRM1-NPC,1.44157149638399,1.4060815904839,0.043323793773687,0.025013003997554,False,,,222,SYP,AJG001C4-NPC,0.137759851070431,0.134463233012721,0.003376859222935,0.001949630581377,False
223,SYP,NCRM1-NPC,1.3578030324184,1.4060815904839,0.043323793773687,0.025013003997554,False,,,223,SYP,AJG001C4-NPC,0.131011479987589,0.134463233012721,0.003376859222935,0.001949630581377,False
224,SYP,NCRM1-NPC,1.41887024264932,1.4060815904839,0.043323793773687,0.025013003997554,False,,,224,SYP,AJG001C4-NPC,0.134618367980143,0.134463233012721,0.003376859222935,0.001949630581377,False
225,SYP,AJG001C4-NPC,0.137759851070431,0.134463233012721,0.003376859222935,0.001949630581377,False,,,225,SYP,AiW002-2-DA4W,5.81837878377534,6.06316535072186,0.484179124615971,0.279540947933028,False
226,SYP,AJG001C4-NPC,0.134618367980143,0.134463233012721,0.003376859222935,0.001949630581377,False,,,226,SYP,AiW002-2-DA4W,5.7502552030166,6.06316535072186,0.484179124615971,0.279540947933028,False
227,SYP,AJG001C4-NPC,0.131011479987589,0.134463233012721,0.003376859222935,0.001949630581377,False,,,227,SYP,AiW002-2-DA4W,6.62086206537364,6.06316535072186,0.484179124615971,0.279540947933028,False
228,SYP,AJG001C4-DA4W,6.73815789473684,6.85478723404255,0.102269886451244,0.059045546472618,False,,,228,SYP,AiW002-2-NPC,2.07738598498036,1.89781336516304,0.159255643999269,0.091946288932945,False
229,SYP,AJG001C4-DA4W,6.89706047032475,6.85478723404255,0.102269886451244,0.059045546472618,False,,,229,SYP,AiW002-2-NPC,1.77371064803302,1.89781336516304,0.159255643999269,0.091946288932945,False
230,SYP,AJG001C4-DA4W,6.92914333706607,6.85478723404255,0.102269886451244,0.059045546472618,False,,,230,SYP,AiW002-2-NPC,1.84234346247576,1.89781336516304,0.159255643999269,0.091946288932945,False
231,SYP,AiW002-2-NPC,2.07738598498036,1.89781336516304,0.159255643999269,0.091946288932945,False,,,231,SYP,NCRM1-IPSC,0.203378760830757,0.201114642748291,0.007321060497926,0.004226816249231,False
232,SYP,AiW002-2-NPC,1.84234346247576,1.89781336516304,0.159255643999269,0.091946288932945,False,,,232,SYP,NCRM1-IPSC,0.207036182348587,0.201114642748291,0.007321060497926,0.004226816249231,False
233,SYP,AiW002-2-NPC,1.77371064803302,1.89781336516304,0.159255643999269,0.091946288932945,False,,,233,SYP,NCRM1-IPSC,0.192928985065529,0.201114642748291,0.007321060497926,0.004226816249231,False
234,SYP,NCRM1-IPSC,0.203378760830757,0.201114642748291,0.007321060497926,0.004226816249231,False,,,234,SYP,AJG001C4-IPSC,0.151815181518152,0.143374337433743,0.010473640166184,0.006046958969341,False
235,SYP,NCRM1-IPSC,0.207036182348587,0.201114642748291,0.007321060497926,0.004226816249231,False,,,235,SYP,AJG001C4-IPSC,0.131653165316532,0.143374337433743,0.010473640166184,0.006046958969341,False
236,SYP,NCRM1-IPSC,0.192928985065529,0.201114642748291,0.007321060497926,0.004226816249231,False,,,236,SYP,AJG001C4-IPSC,0.146654665466547,0.143374337433743,0.010473640166184,0.006046958969341,False
237,SYP,NCRM1-DA4W,4.88606977672041,4.94830533102813,0.096323231679587,0.055612243739425,False,,,237,SYP,AJG001C4-DA4W,6.89706047032475,6.85478723404255,0.102269886451244,0.059045546472618,False
238,SYP,NCRM1-DA4W,4.89959067870495,4.94830533102813,0.096323231679587,0.055612243739425,False,,,238,SYP,AJG001C4-DA4W,6.73815789473684,6.85478723404255,0.102269886451244,0.059045546472618,False
239,SYP,NCRM1-DA4W,5.05925553765904,4.94830533102813,0.096323231679587,0.055612243739425,False,,,239,SYP,AJG001C4-DA4W,6.92914333706607,6.85478723404255,0.102269886451244,0.059045546472618,False
240,SYP,NCRM1-DA6W,6.25048447359038,5.76329783110863,0.50134468581554,0.28945148931239,False,,,240,SYP,AJC001-5-NPC,0.090656868626275,0.097205558888222,0.007626506882614,0.004403165801654,False
241,SYP,NCRM1-DA6W,5.79050586794413,5.76329783110863,0.50134468581554,0.28945148931239,False,,,241,SYP,AJC001-5-NPC,0.095380923815237,0.097205558888222,0.007626506882614,0.004403165801654,False
242,SYP,NCRM1-DA6W,5.24890315179139,5.76329783110863,0.50134468581554,0.28945148931239,False,,,242,SYP,AJC001-5-NPC,0.105578884223155,0.097205558888222,0.007626506882614,0.004403165801654,False
243,SYP,522-266-2-DA6W,5.59472273757988,5.55933484504913,0.196764787647727,0.113602203115455,False,,,243,SYP,AiW001-2-NPC,0.235395849346656,0.227357161158083,0.007261719803271,0.004192555883198,False
244,SYP,522-266-2-DA6W,5.34727743911418,5.55933484504913,0.196764787647727,0.113602203115455,False,,,244,SYP,AiW001-2-NPC,0.221272098385857,0.227357161158083,0.007261719803271,0.004192555883198,False
245,SYP,522-266-2-DA6W,5.73600435845334,5.55933484504913,0.196764787647727,0.113602203115455,False,,,245,SYP,AiW001-2-NPC,0.225403535741737,0.227357161158083,0.007261719803271,0.004192555883198,False
246,SYP,522-266-2-NPC,0.156710639945207,0.148620747843523,0.011887588543462,0.006863302445583,False,,,246,SYP,NCRM1-DA6W,5.38745309164203,5.91542572235556,0.514578169851243,0.29709184488272,False
247,SYP,522-266-2-NPC,0.134972156874423,0.148620747843523,0.011887588543462,0.006863302445583,False,,,247,SYP,NCRM1-DA6W,5.94335194197287,5.91542572235556,0.514578169851243,0.29709184488272,False
248,SYP,522-266-2-NPC,0.154179446710938,0.148620747843523,0.011887588543462,0.006863302445583,False,,,248,SYP,NCRM1-DA6W,6.41547213345179,5.91542572235556,0.514578169851243,0.29709184488272,False
249,SYP,AJC001-5-NPC,0.090656868626275,0.097205558888222,0.007626506882614,0.004403165801654,False,,,249,SYP,AJG001C4-DA6W,7.73739378354204,7.30889423076923,0.372042344750947,0.214798747891899,False
250,SYP,AJC001-5-NPC,0.095380923815237,0.097205558888222,0.007626506882614,0.004403165801654,False,,,250,SYP,AJG001C4-DA6W,7.12122652057245,7.30889423076923,0.372042344750947,0.214798747891899,False
251,SYP,AJC001-5-NPC,0.105578884223155,0.097205558888222,0.007626506882614,0.004403165801654,False,,,251,SYP,AJG001C4-DA6W,7.0680623881932,7.30889423076923,0.372042344750947,0.214798747891899,False
252,SYP,AiW001-2-NPC,0.235395849346656,0.227357161158083,0.007261719803271,0.004192555883198,False,,,252,SYP,AiW002-2-DA6W,7.27787709737868,7.42809141232473,0.276794233827172,0.159807225410254,False
253,SYP,AiW001-2-NPC,0.221272098385857,0.227357161158083,0.007261719803271,0.004192555883198,False,,,253,SYP,AiW002-2-DA6W,7.25887953130721,7.42809141232473,0.276794233827172,0.159807225410254,False
254,SYP,AiW001-2-NPC,0.225403535741737,0.227357161158083,0.007261719803271,0.004192555883198,False,,,254,SYP,AiW002-2-DA6W,7.74751760828828,7.42809141232473,0.276794233827172,0.159807225410254,False
255,SYP,AJG001C4-DA6W,7.0680623881932,7.30889423076923,0.372042344750947,0.214798747891899,False,,,255,SYP,NCRM1-DA4W,5.13049450549451,5.01798201798202,0.097679551310481,0.056395315243428,False
256,SYP,AJG001C4-DA6W,7.12122652057245,7.30889423076923,0.372042344750947,0.214798747891899,False,,,256,SYP,NCRM1-DA4W,4.96858141858142,5.01798201798202,0.097679551310481,0.056395315243428,False
257,SYP,AJG001C4-DA6W,7.73739378354204,7.30889423076923,0.372042344750947,0.214798747891899,False,,,257,SYP,NCRM1-DA4W,4.95487012987013,5.01798201798202,0.097679551310481,0.056395315243428,False
258,SYP,AiW002-2-DA6W,7.74751760828828,7.42809141232473,0.276794233827172,0.159807225410254,False,,,258,SYP,AiW002-2-IPSC,0.233406712704683,0.237749163173608,0.004858377581652,0.002804985604592,False
259,SYP,AiW002-2-DA6W,7.25887953130721,7.42809141232473,0.276794233827172,0.159807225410254,False,,,259,SYP,AiW002-2-IPSC,0.236844485992582,0.237749163173608,0.004858377581652,0.002804985604592,False
260,SYP,AiW002-2-DA6W,7.27787709737868,7.42809141232473,0.276794233827172,0.159807225410254,False,,,260,SYP,AiW002-2-IPSC,0.242996290823558,0.237749163173608,0.004858377581652,0.002804985604592,False
261,SYP,AJG001C4-IPSC,0.131653165316532,0.143374337433743,0.010473640166184,0.006046958969341,False,,,261,SYP,522-266-2-NPC,0.148684442874801,0.141008888104067,0.011278745848575,0.006511786951796,False
262,SYP,AJG001C4-IPSC,0.151815181518152,0.143374337433743,0.010473640166184,0.006046958969341,False,,,262,SYP,522-266-2-NPC,0.128059332509271,0.141008888104067,0.011278745848575,0.006511786951796,False
263,SYP,AJG001C4-IPSC,0.146654665466547,0.143374337433743,0.010473640166184,0.006046958969341,False,,,263,SYP,522-266-2-NPC,0.14628288892813,0.141008888104067,0.011278745848575,0.006511786951796,False
264,SYP,AiW002-2-IPSC,0.236844485992582,0.237749163173608,0.004858377581652,0.002804985604592,False,,,264,SYP,AiW001-2-DA4W,4.72509494595384,4.78340636868244,0.210585148296911,0.121581392056559,False
265,SYP,AiW002-2-IPSC,0.242996290823558,0.237749163173608,0.004858377581652,0.002804985604592,False,,,265,SYP,AiW001-2-DA4W,4.60812153082092,4.78340636868244,0.210585148296911,0.121581392056559,False
266,SYP,AiW002-2-IPSC,0.233406712704683,0.237749163173608,0.004858377581652,0.002804985604592,False,,,266,SYP,AiW001-2-DA4W,5.01700262927257,4.78340636868244,0.210585148296911,0.121581392056559,False
267,SYP,AiW001-2-DA4W,5.01700262927257,4.78340636868244,0.210585148296911,0.121581392056559,False,,,267,SYP,522-266-2-IPSC,0.186895140310104,0.185091401019807,0.013204519341472,0.007623632796318,False
268,SYP,AiW001-2-DA4W,4.72509494595384,4.78340636868244,0.210585148296911,0.121581392056559,False,,,268,SYP,522-266-2-IPSC,0.197301328523362,0.185091401019807,0.013204519341472,0.007623632796318,False
269,SYP,AiW001-2-DA4W,4.60812153082092,4.78340636868244,0.210585148296911,0.121581392056559,False,,,269,SYP,522-266-2-IPSC,0.171077734225953,0.185091401019807,0.013204519341472,0.007623632796318,False
270,SYP,522-266-2-IPSC,0.186895140310104,0.185091401019807,0.013204519341472,0.007623632796318,False,,,270,SYP,AJC001-5-IPSC,0.1042292109942,0.110991285085546,0.008857580186294,0.005113926304926,False
271,SYP,522-266-2-IPSC,0.171077734225953,0.185091401019807,0.013204519341472,0.007623632796318,False,,,271,SYP,AJC001-5-IPSC,0.107726835524206,0.110991285085546,0.008857580186294,0.005113926304926,False
272,SYP,522-266-2-IPSC,0.197301328523362,0.185091401019807,0.013204519341472,0.007623632796318,False,,,272,SYP,AJC001-5-IPSC,0.121017808738232,0.110991285085546,0.008857580186294,0.005113926304926,False
273,SYP,AJC001-5-IPSC,0.107726835524206,0.110991285085546,0.008857580186294,0.005113926304926,False,,,273,SYP,522-266-2-DA6W,5.69122695950717,5.51593659451168,0.195228767999821,0.112715381758256,False
274,SYP,AJC001-5-IPSC,0.1042292109942,0.110991285085546,0.008857580186294,0.005113926304926,False,,,274,SYP,522-266-2-DA6W,5.30553458813217,5.51593659451168,0.195228767999821,0.112715381758256,False
275,SYP,AJC001-5-IPSC,0.121017808738232,0.110991285085546,0.008857580186294,0.005113926304926,False,,,275,SYP,522-266-2-DA6W,5.55104823589569,5.51593659451168,0.195228767999821,0.112715381758256,False
276,SYP,AJC001-5-DA4W,4.78678071761005,4.84143408149614,0.180275721021603,0.104082236060176,False,,,276,SYP,AJC001-5-DA6W,6.26045690992608,6.20460560338271,0.347525052279094,0.200643682483474,False
277,SYP,AJC001-5-DA4W,4.69480935369551,4.84143408149614,0.180275721021603,0.104082236060176,False,,,277,SYP,AJC001-5-DA6W,5.83253734067472,6.20460560338271,0.347525052279094,0.200643682483474,False
278,SYP,AJC001-5-DA4W,5.04271217318285,4.84143408149614,0.180275721021603,0.104082236060176,False,,,278,SYP,AJC001-5-DA6W,6.52082255954735,6.20460560338271,0.347525052279094,0.200643682483474,False
279,SYP,AJC001-5-DA6W,6.26045690992608,6.20460560338271,0.347525052279094,0.200643682483474,False,,,279,SYP,AiW001-2-DA6W,4.61629250320042,3.97392824804072,0.663149128799799,0.38286932802543,False
280,SYP,AJC001-5-DA6W,5.83253734067472,6.20460560338271,0.347525052279094,0.200643682483474,False,,,280,SYP,AiW001-2-DA6W,3.2917850563587,3.97392824804072,0.663149128799799,0.38286932802543,False
281,SYP,AJC001-5-DA6W,6.52082255954735,6.20460560338271,0.347525052279094,0.200643682483474,False,,,281,SYP,AiW001-2-DA6W,4.01370718456302,3.97392824804072,0.663149128799799,0.38286932802543,False
282,SYP,AiW001-2-DA6W,,,,,True,,,282,SYP,522-266-2-DA4W,5.40286220526101,5.56772522829494,0.156644314348815,0.090438637056313,False
283,SYP,AiW001-2-DA6W,4.61629250320042,4.31499984388172,0.426092165051962,0.3012926593187,False,,,283,SYP,522-266-2-DA4W,5.5857162327927,5.56772522829494,0.156644314348815,0.090438637056313,False
284,SYP,AiW001-2-DA6W,4.01370718456302,4.31499984388172,0.426092165051962,0.3012926593187,False,,,284,SYP,522-266-2-DA4W,5.71459724683113,5.56772522829494,0.156644314348815,0.090438637056313,False
285,SYP,522-266-2-DA4W,5.71459724683113,5.56772522829494,0.156644314348815,0.090438637056313,False,,,285,SYP,AJC001-5-DA4W,4.78678071761005,4.84143408149614,0.180275721021603,0.104082236060176,False
286,SYP,522-266-2-DA4W,5.40286220526101,5.56772522829494,0.156644314348815,0.090438637056313,False,,,286,SYP,AJC001-5-DA4W,4.69480935369551,4.84143408149614,0.180275721021603,0.104082236060176,False
287,SYP,522-266-2-DA4W,5.5857162327927,5.56772522829494,0.156644314348815,0.090438637056313,False,,,287,SYP,AJC001-5-DA4W,5.04271217318285,4.84143408149614,0.180275721021603,0.104082236060176,False
288,GRIA1,AiW001-2-IPSC,0.175330396475771,0.177863436123348,0.003582259023632,0.002533039647577,False,,,288,GRIA1,AiW001-2-IPSC,0.136013215859031,0.163913362701909,0.024294648284073,0.014026521726677,False
289,GRIA1,AiW001-2-IPSC,0.180396475770925,0.177863436123348,0.003582259023632,0.002533039647577,False,,,289,GRIA1,AiW001-2-IPSC,0.175330396475771,0.163913362701909,0.024294648284073,0.014026521726677,False
290,GRIA1,AiW001-2-IPSC,,,,,True,,,290,GRIA1,AiW001-2-IPSC,0.180396475770925,0.163913362701909,0.024294648284073,0.014026521726677,False
291,GRIA1,AiW002-2-DA4W,2.47432345159476,2.59686256536322,0.170294001246258,0.098319287460906,False,,,291,GRIA1,NCRM1-NPC,2.78086169826599,2.51880602016028,0.265310639234712,0.153177168981033,False
292,GRIA1,AiW002-2-DA4W,2.52494739692923,2.59686256536322,0.170294001246258,0.098319287460906,False,,,292,GRIA1,NCRM1-NPC,2.52520034624298,2.51880602016028,0.265310639234712,0.153177168981033,False
293,GRIA1,AiW002-2-DA4W,2.79131684756568,2.59686256536322,0.170294001246258,0.098319287460906,False,,,293,GRIA1,NCRM1-NPC,2.25035601597185,2.51880602016028,0.265310639234712,0.153177168981033,False
294,GRIA1,NCRM1-NPC,2.78086169826599,2.51880602016028,0.265310639234712,0.153177168981033,False,,,294,GRIA1,AJG001C4-NPC,0.374418243872169,0.398270245113248,0.023622737492109,0.013638593850065,False
295,GRIA1,NCRM1-NPC,2.52520034624298,2.51880602016028,0.265310639234712,0.153177168981033,False,,,295,GRIA1,AJG001C4-NPC,0.421656841452063,0.398270245113248,0.023622737492109,0.013638593850065,False
296,GRIA1,NCRM1-NPC,2.25035601597185,2.51880602016028,0.265310639234712,0.153177168981033,False,,,296,GRIA1,AJG001C4-NPC,0.398735650015513,0.398270245113248,0.023622737492109,0.013638593850065,False
297,GRIA1,AJG001C4-NPC,0.374418243872169,0.398270245113248,0.023622737492109,0.013638593850065,False,,,297,GRIA1,AiW002-2-DA4W,2.52494739692923,2.59686256536322,0.170294001246258,0.098319287460906,False
298,GRIA1,AJG001C4-NPC,0.398735650015513,0.398270245113248,0.023622737492109,0.013638593850065,False,,,298,GRIA1,AiW002-2-DA4W,2.79131684756568,2.59686256536322,0.170294001246258,0.098319287460906,False
299,GRIA1,AJG001C4-NPC,0.421656841452063,0.398270245113248,0.023622737492109,0.013638593850065,False,,,299,GRIA1,AiW002-2-DA4W,2.47432345159476,2.59686256536322,0.170294001246258,0.098319287460906,False
300,GRIA1,AJG001C4-DA4W,1.79706047032475,1.81654535274356,0.036473092578918,0.021057749818617,False,,,300,GRIA1,AiW002-2-NPC,2.83672352911921,2.98125031083702,0.276218235293221,0.159474672501624,False
301,GRIA1,AJG001C4-DA4W,1.85862262038074,1.81654535274356,0.036473092578918,0.021057749818617,False,,,301,GRIA1,AiW002-2-NPC,2.80728104640175,2.98125031083702,0.276218235293221,0.159474672501624,False
302,GRIA1,AJG001C4-DA4W,1.7939529675252,1.81654535274356,0.036473092578918,0.021057749818617,False,,,302,GRIA1,AiW002-2-NPC,3.2997463569901,2.98125031083702,0.276218235293221,0.159474672501624,False
303,GRIA1,AiW002-2-NPC,3.2997463569901,2.98125031083702,0.276218235293221,0.159474672501624,False,,,303,GRIA1,NCRM1-IPSC,0.265946793225062,0.244263508512213,0.020105637418683,0.011607995175906,False
304,GRIA1,AiW002-2-NPC,2.83672352911921,2.98125031083702,0.276218235293221,0.159474672501624,False,,,304,GRIA1,NCRM1-IPSC,0.240606086994383,0.244263508512213,0.020105637418683,0.011607995175906,False
305,GRIA1,AiW002-2-NPC,2.80728104640175,2.98125031083702,0.276218235293221,0.159474672501624,False,,,305,GRIA1,NCRM1-IPSC,0.226237645317194,0.244263508512213,0.020105637418683,0.011607995175906,False
306,GRIA1,NCRM1-IPSC,0.265946793225062,0.244263508512213,0.020105637418683,0.011607995175906,False,,,306,GRIA1,AJG001C4-IPSC,0.22994299429943,0.224502450245024,0.015038578041301,0.008682527080375,False
307,GRIA1,NCRM1-IPSC,0.240606086994383,0.244263508512213,0.020105637418683,0.011607995175906,False,,,307,GRIA1,AJG001C4-IPSC,0.236063606360636,0.224502450245024,0.015038578041301,0.008682527080375,False
308,GRIA1,NCRM1-IPSC,0.226237645317194,0.244263508512213,0.020105637418683,0.011607995175906,False,,,308,GRIA1,AJG001C4-IPSC,0.207500750075007,0.224502450245024,0.015038578041301,0.008682527080375,False
309,GRIA1,NCRM1-DA4W,5.76285963382738,6.00828001320074,0.475334125968108,0.274434285582702,False,,,309,GRIA1,AJG001C4-DA4W,1.85862262038074,1.81654535274356,0.036473092578918,0.021057749818617,False
310,GRIA1,NCRM1-DA4W,5.70582063747728,6.00828001320074,0.475334125968108,0.274434285582702,False,,,310,GRIA1,AJG001C4-DA4W,1.79706047032475,1.81654535274356,0.036473092578918,0.021057749818617,False
311,GRIA1,NCRM1-DA4W,6.55615976829755,6.00828001320074,0.475334125968108,0.274434285582702,False,,,311,GRIA1,AJG001C4-DA4W,1.7939529675252,1.81654535274356,0.036473092578918,0.021057749818617,False
312,GRIA1,NCRM1-DA6W,5.81918670449436,5.80342516368748,0.334061911225033,0.192870734371774,False,,,312,GRIA1,AJC001-5-NPC,0.478404319136173,0.496725654869026,0.018333846011979,0.010585050930297,False
313,GRIA1,NCRM1-DA6W,5.46176146845883,5.80342516368748,0.334061911225033,0.192870734371774,False,,,313,GRIA1,AJC001-5-NPC,0.496700659868026,0.496725654869026,0.018333846011979,0.010585050930297,False
314,GRIA1,NCRM1-DA6W,6.12932731810924,5.80342516368748,0.334061911225033,0.192870734371774,False,,,314,GRIA1,AJC001-5-NPC,0.515071985602879,0.496725654869026,0.018333846011979,0.010585050930297,False
315,GRIA1,522-266-2-DA6W,1.50042701063109,1.50666038421141,0.008893507279623,0.00513466882193,False,,,315,GRIA1,AiW001-2-NPC,1.57619139123751,1.6779080194722,0.100383183733531,0.057956258150666,False
316,GRIA1,522-266-2-DA6W,1.51684483317136,1.50666038421141,0.008893507279623,0.00513466882193,False,,,316,GRIA1,AiW001-2-NPC,1.68063028439662,1.6779080194722,0.100383183733531,0.057956258150666,False
317,GRIA1,522-266-2-DA6W,1.50270930883176,1.50666038421141,0.008893507279623,0.00513466882193,False,,,317,GRIA1,AiW001-2-NPC,1.77690238278247,1.6779080194722,0.100383183733531,0.057956258150666,False
318,GRIA1,522-266-2-NPC,0.355037074536196,0.354317421557825,0.026175491919826,0.015112427306082,False,,,318,GRIA1,NCRM1-DA6W,6.29111691618156,5.95661225518147,0.342879802576452,0.1979617463172,False
319,GRIA1,522-266-2-NPC,0.327789523837884,0.354317421557825,0.026175491919826,0.015112427306082,False,,,319,GRIA1,NCRM1-DA6W,5.60593001206689,5.95661225518147,0.342879802576452,0.1979617463172,False
320,GRIA1,522-266-2-NPC,0.380125666299395,0.354317421557825,0.026175491919826,0.015112427306082,False,,,320,GRIA1,NCRM1-DA6W,5.97278983729596,5.95661225518147,0.342879802576452,0.1979617463172,False
321,GRIA1,AJC001-5-NPC,0.478404319136173,0.496725654869026,0.018333846011979,0.010585050930297,False,,,321,GRIA1,AJG001C4-DA6W,1.93101520572451,1.9243906529517,0.016973357355499,0.009799572438249,False
322,GRIA1,AJC001-5-NPC,0.496700659868026,0.496725654869026,0.018333846011979,0.010585050930297,False,,,322,GRIA1,AJG001C4-DA6W,1.93705277280859,1.9243906529517,0.016973357355499,0.009799572438249,False
323,GRIA1,AJC001-5-NPC,0.515071985602879,0.496725654869026,0.018333846011979,0.010585050930297,False,,,323,GRIA1,AJG001C4-DA6W,1.905103980322,1.9243906529517,0.016973357355499,0.009799572438249,False
324,GRIA1,AiW001-2-NPC,1.57619139123751,1.6779080194722,0.100383183733531,0.057956258150666,False,,,324,GRIA1,AiW002-2-DA6W,2.05290025200853,2.11015142050962,0.055530372607293,0.032060475573021,False
325,GRIA1,AiW001-2-NPC,1.68063028439662,1.6779080194722,0.100383183733531,0.057956258150666,False,,,325,GRIA1,AiW002-2-DA6W,2.11377000452323,2.11015142050962,0.055530372607293,0.032060475573021,False
326,GRIA1,AiW001-2-NPC,1.77690238278247,1.6779080194722,0.100383183733531,0.057956258150666,False,,,326,GRIA1,AiW002-2-DA6W,2.16378400499709,2.11015142050962,0.055530372607293,0.032060475573021,False
327,GRIA1,AJG001C4-DA6W,1.905103980322,1.9243906529517,0.016973357355499,0.009799572438249,False,,,327,GRIA1,NCRM1-DA4W,6.64847652347652,6.09288211788212,0.482027267332264,0.278298572551022,False
328,GRIA1,AJG001C4-DA6W,1.93705277280859,1.9243906529517,0.016973357355499,0.009799572438249,False,,,328,GRIA1,NCRM1-DA4W,5.78616383616384,6.09288211788212,0.482027267332264,0.278298572551022,False
329,GRIA1,AJG001C4-DA6W,1.93101520572451,1.9243906529517,0.016973357355499,0.009799572438249,False,,,329,GRIA1,NCRM1-DA4W,5.844005994006,6.09288211788212,0.482027267332264,0.278298572551022,False
330,GRIA1,AiW002-2-DA6W,2.16378400499709,2.11015142050962,0.055530372607293,0.032060475573021,False,,,330,GRIA1,AiW002-2-IPSC,0.300533759536805,0.281233979674919,0.017224381974558,0.009944501569636,False
331,GRIA1,AiW002-2-DA6W,2.11377000452323,2.11015142050962,0.055530372607293,0.032060475573021,False,,,331,GRIA1,AiW002-2-IPSC,0.267422574711257,0.281233979674919,0.017224381974558,0.009944501569636,False
332,GRIA1,AiW002-2-DA6W,2.05290025200853,2.11015142050962,0.055530372607293,0.032060475573021,False,,,332,GRIA1,AiW002-2-IPSC,0.275745604776696,0.281233979674919,0.017224381974558,0.009944501569636,False
333,GRIA1,AJG001C4-IPSC,0.22994299429943,0.224502450245024,0.015038578041301,0.008682527080375,False,,,333,GRIA1,522-266-2-NPC,0.360656895638354,0.336170463240921,0.024834870398295,0.014338419109745,False
334,GRIA1,AJG001C4-IPSC,0.236063606360636,0.224502450245024,0.015038578041301,0.008682527080375,False,,,334,GRIA1,522-266-2-NPC,0.311001236093943,0.336170463240921,0.024834870398295,0.014338419109745,False
335,GRIA1,AJG001C4-IPSC,0.207500750075007,0.224502450245024,0.015038578041301,0.008682527080375,False,,,335,GRIA1,522-266-2-NPC,0.336853257990464,0.336170463240921,0.024834870398295,0.014338419109745,False
336,GRIA1,AiW002-2-IPSC,0.300533759536805,0.281233979674919,0.017224381974558,0.009944501569636,False,,,336,GRIA1,AiW001-2-DA4W,3.65433829973707,3.53354757035739,0.285852313578544,0.16503691019305,False
337,GRIA1,AiW002-2-IPSC,0.275745604776696,0.281233979674919,0.017224381974558,0.009944501569636,False,,,337,GRIA1,AiW001-2-DA4W,3.20712825007304,3.53354757035739,0.285852313578544,0.16503691019305,False
338,GRIA1,AiW002-2-IPSC,0.267422574711257,0.281233979674919,0.017224381974558,0.009944501569636,False,,,338,GRIA1,AiW001-2-DA4W,3.73917616126205,3.53354757035739,0.285852313578544,0.16503691019305,False
339,GRIA1,AiW001-2-DA4W,3.65433829973707,3.53354757035739,0.285852313578544,0.16503691019305,False,,,339,GRIA1,522-266-2-IPSC,0.26390093308821,0.27375212459676,0.010952399804012,0.006323370975119,False
340,GRIA1,AiW001-2-DA4W,3.73917616126205,3.53354757035739,0.285852313578544,0.16503691019305,False,,,340,GRIA1,522-266-2-IPSC,0.271809636130285,0.27375212459676,0.010952399804012,0.006323370975119,False
341,GRIA1,AiW001-2-DA4W,3.20712825007304,3.53354757035739,0.285852313578544,0.16503691019305,False,,,341,GRIA1,522-266-2-IPSC,0.285545804571785,0.27375212459676,0.010952399804012,0.006323370975119,False
342,GRIA1,522-266-2-IPSC,0.26390093308821,0.27375212459676,0.010952399804012,0.006323370975119,False,,,342,GRIA1,AJC001-5-IPSC,0.226121425864933,0.21895129557842,0.009288481780214,0.005362707456169,False
343,GRIA1,522-266-2-IPSC,0.271809636130285,0.27375212459676,0.010952399804012,0.006323370975119,False,,,343,GRIA1,AJC001-5-IPSC,0.2084584219884,0.21895129557842,0.009288481780214,0.005362707456169,False
344,GRIA1,522-266-2-IPSC,0.285545804571785,0.27375212459676,0.010952399804012,0.006323370975119,False,,,344,GRIA1,AJC001-5-IPSC,0.222274038881926,0.21895129557842,0.009288481780214,0.005362707456169,False
345,GRIA1,AJC001-5-IPSC,0.226121425864933,0.21895129557842,0.009288481780214,0.005362707456169,False,,,345,GRIA1,522-266-2-DA6W,1.48871411526942,1.49489882880031,0.008824081229954,0.005094585673465,False
346,GRIA1,AJC001-5-IPSC,0.2084584219884,0.21895129557842,0.009288481780214,0.005362707456169,False,,,346,GRIA1,522-266-2-DA6W,1.50500377413621,1.49489882880031,0.008824081229954,0.005094585673465,False
347,GRIA1,AJC001-5-IPSC,0.222274038881926,0.21895129557842,0.009288481780214,0.005362707456169,False,,,347,GRIA1,522-266-2-DA6W,1.4909785969953,1.49489882880031,0.008824081229954,0.005094585673465,False
348,GRIA1,AJC001-5-DA4W,2.62950996996912,2.54098290659114,0.092449997861796,0.053376031152088,False,,,348,GRIA1,AJC001-5-DA6W,2.40534785386183,2.35485048520062,0.067819199723795,0.039155433216758,False
349,GRIA1,AJC001-5-DA4W,2.54838388295071,2.54098290659114,0.092449997861796,0.053376031152088,False,,,349,GRIA1,AJC001-5-DA6W,2.27776594773827,2.35485048520062,0.067819199723795,0.039155433216758,False
350,GRIA1,AJC001-5-DA4W,2.44505486685359,2.54098290659114,0.092449997861796,0.053376031152088,False,,,350,GRIA1,AJC001-5-DA6W,2.38143765400176,2.35485048520062,0.067819199723795,0.039155433216758,False
351,GRIA1,AJC001-5-DA6W,2.40534785386183,2.35485048520062,0.067819199723795,0.039155433216758,False,,,351,GRIA1,AiW001-2-DA6W,3.07137727542386,3.22993099572236,0.146461865434977,0.084559797434899,False
352,GRIA1,AJC001-5-DA6W,2.27776594773827,2.35485048520062,0.067819199723795,0.039155433216758,False,,,352,GRIA1,AiW001-2-DA6W,3.2582508508446,3.22993099572236,0.146461865434977,0.084559797434899,False
353,GRIA1,AJC001-5-DA6W,2.38143765400176,2.35485048520062,0.067819199723795,0.039155433216758,False,,,353,GRIA1,AiW001-2-DA6W,3.36016486089862,3.22993099572236,0.146461865434977,0.084559797434899,False
354,GRIA1,AiW001-2-DA6W,3.07137727542386,3.22993099572236,0.146461865434977,0.084559797434899,False,,,354,GRIA1,522-266-2-DA4W,1.27924219708328,1.19907319067739,0.069813114410163,0.040306620397674,False
355,GRIA1,AiW001-2-DA6W,3.2582508508446,3.22993099572236,0.146461865434977,0.084559797434899,False,,,355,GRIA1,522-266-2-DA4W,1.1663077552133,1.19907319067739,0.069813114410163,0.040306620397674,False
356,GRIA1,AiW001-2-DA6W,3.36016486089862,3.22993099572236,0.146461865434977,0.084559797434899,False,,,356,GRIA1,522-266-2-DA4W,1.15166961973559,1.19907319067739,0.069813114410163,0.040306620397674,False
357,GRIA1,522-266-2-DA4W,1.27924219708328,1.19907319067739,0.069813114410163,0.040306620397674,False,,,357,GRIA1,AJC001-5-DA4W,2.54838388295071,2.54098290659114,0.092449997861796,0.053376031152088,False
358,GRIA1,522-266-2-DA4W,1.1663077552133,1.19907319067739,0.069813114410163,0.040306620397674,False,,,358,GRIA1,AJC001-5-DA4W,2.44505486685359,2.54098290659114,0.092449997861796,0.053376031152088,False
359,GRIA1,522-266-2-DA4W,1.15166961973559,1.19907319067739,0.069813114410163,0.040306620397674,False,,,359,GRIA1,AJC001-5-DA4W,2.62950996996912,2.54098290659114,0.092449997861796,0.053376031152088,False
