Target Name,Source,DF,F,MS,SS,p-value,p-value corrected,measures,distribution,test,statistic,effect size
B2M,Group1,1.0,4.158,0.0,0.0,0.053630972852903865,0.1608929185587116,independent,parametric,ANOVA,NA,0.159
B2M,Group2,2.0,0.611,0.0,0.0,0.5517284847208478,1.0,independent,parametric,ANOVA,NA,0.053
B2M,Group1 * Group2,2.0,3.168,0.0,0.0,0.06177801168037437,0.1853340350411231,independent,parametric,ANOVA,NA,0.224
NRXN3,Group1,1.0,1.856,0.203,0.203,0.1869134612206769,0.5607403836620307,independent,parametric,ANOVA,NA,0.078
NRXN3,Group2,2.0,15.786,1.724,3.447,5.6010308815725305e-05,0.00016803092644717592,independent,parametric,ANOVA,NA,0.589
NRXN3,Group1 * Group2,2.0,0.882,0.096,0.193,0.4281239540784478,1.0,independent,parametric,ANOVA,NA,0.074
