Block Type,96-Well 0.2-mL Block,,,,,,,,,,,,,,,,,,,,,,,,
Calibration Background is expired ,No,,,,,,,,,,,,,,,,,,,,,,,,
Calibration Background performed on,10-12-2017,,,,,,,,,,,,,,,,,,,,,,,,
Calibration CM MELTDOCTOR is expired,No,,,,,,,,,,,,,,,,,,,,,,,,
Calibration CM MELTDOCTOR performed on,10-12-2017,,,,,,,,,,,,,,,,,,,,,,,,
Calibration Pure Dye ABY is expired,No,,,,,,,,,,,,,,,,,,,,,,,,
Calibration Pure Dye ABY performed on,08-24-2017,,,,,,,,,,,,,,,,,,,,,,,,
Calibration Pure Dye FAM is expired,No,,,,,,,,,,,,,,,,,,,,,,,,
Calibration Pure Dye FAM performed on,08-24-2017,,,,,,,,,,,,,,,,,,,,,,,,
Calibration Pure Dye JUN is expired,No,,,,,,,,,,,,,,,,,,,,,,,,
Calibration Pure Dye JUN performed on,08-24-2017,,,,,,,,,,,,,,,,,,,,,,,,
Calibration Pure Dye MELTDOCTOR is expired,No,,,,,,,,,,,,,,,,,,,,,,,,
Calibration Pure Dye MELTDOCTOR performed on,10-12-2017,,,,,,,,,,,,,,,,,,,,,,,,
Calibration Pure Dye NED is expired,No,,,,,,,,,,,,,,,,,,,,,,,,
Calibration Pure Dye NED performed on,08-24-2017,,,,,,,,,,,,,,,,,,,,,,,,
Calibration Pure Dye ROX is expired,No,,,,,,,,,,,,,,,,,,,,,,,,
Calibration Pure Dye ROX performed on,08-24-2017,,,,,,,,,,,,,,,,,,,,,,,,
Calibration Pure Dye SYBR is expired,No,,,,,,,,,,,,,,,,,,,,,,,,
Calibration Pure Dye SYBR performed on,08-24-2017,,,,,,,,,,,,,,,,,,,,,,,,
Calibration Pure Dye TAMRA is expired,No,,,,,,,,,,,,,,,,,,,,,,,,
Calibration Pure Dye TAMRA performed on,08-24-2017,,,,,,,,,,,,,,,,,,,,,,,,
Calibration Pure Dye VIC is expired,No,,,,,,,,,,,,,,,,,,,,,,,,
Calibration Pure Dye VIC performed on,08-24-2017,,,,,,,,,,,,,,,,,,,,,,,,
Calibration ROI is expired ,No,,,,,,,,,,,,,,,,,,,,,,,,
Calibration ROI performed on,08-24-2017,,,,,,,,,,,,,,,,,,,,,,,,
Calibration Uniformity is expired ,No,,,,,,,,,,,,,,,,,,,,,,,,
Calibration Uniformity performed on,08-24-2017,,,,,,,,,,,,,,,,,,,,,,,,
Chemistry,TAQMAN,,,,,,,,,,,,,,,,,,,,,,,,
Date Created,2019-04-29 13:52:14 PM PDT,,,,,,,,,,,,,,,,,,,,,,,,
Experiment Barcode,,,,,,,,,,,,,,,,,,,,,,,,,
Experiment Comment,,,,,,,,,,,,,,,,,,,,,,,,,
Experiment File Name,D:\Users\INSTR-ADMIN\experiments\Gilles\GBA Project\2019-04-26_161050-GRIA1.eds,,,,,,,,,,,,,,,,,,,,,,,,
Experiment Name,2019-04-26_161050,,,,,,,,,,,,,,,,,,,,,,,,
Experiment Run End Time,2019-04-26 13:49:51 PM PDT,,,,,,,,,,,,,,,,,,,,,,,,
Experiment Type,Standard Curve,,,,,,,,,,,,,,,,,,,,,,,,
Instrument Name,      272321808,,,,,,,,,,,,,,,,,,,,,,,,
Instrument Serial Number,272321808,,,,,,,,,,,,,,,,,,,,,,,,
Instrument Type,QuantStudio™ 3 System,,,,,,,,,,,,,,,,,,,,,,,,
Passive Reference,ROX,,,,,,,,,,,,,,,,,,,,,,,,
Post-read Stage/Step,,,,,,,,,,,,,,,,,,,,,,,,,
Pre-read Stage/Step,,,,,,,,,,,,,,,,,,,,,,,,,
Quantification Cycle Method,Ct,,,,,,,,,,,,,,,,,,,,,,,,
Signal Smoothing On,true,,,,,,,,,,,,,,,,,,,,,,,,
Stage/ Cycle where Ct Analysis is performed,"Stage2, Step2",,,,,,,,,,,,,,,,,,,,,,,,
User Name,,,,,,,,,,,,,,,,,,,,,,,,,
,,,,,,,,,,,,,,,,,,,,,,,,,
Well,Well Position,Omit,Sample Name,Target Name,Task,Reporter,Quencher,CT,Ct Mean,Ct SD,Quantity,Quantity Mean,Quantity SD,Y-Intercept,R(superscript 2),Slope,Efficiency,Automatic Ct Threshold,Ct Threshold,Automatic Baseline,Baseline Start,Baseline End,Amp Status,Comments,Cq Conf
1,A1,0,AiW001-2-IPSC,GRIA1,UNKNOWN,FAM,NFQ-MGB,28.306,28.458,0.229,1.638,1.488,0.221,29.033,0.996,-3.392,97.161,1,0.310,1,3,22,Amp,,0.988
2,A2,0,AiW001-2-IPSC,GRIA1,UNKNOWN,FAM,NFQ-MGB,28.347,28.458,0.229,1.592,1.488,0.221,29.033,0.996,-3.392,97.161,1,0.310,1,3,22,Amp,,0.984
3,A3,0,AiW001-2-IPSC,GRIA1,UNKNOWN,FAM,NFQ-MGB,28.722,28.458,0.229,1.235,1.488,0.221,29.033,0.996,-3.392,97.161,1,0.310,1,3,23,Amp,,0.985
4,A4,0,AJC001-5-IPSC,GRIA1,UNKNOWN,FAM,NFQ-MGB,28.680,28.703,0.063,1.271,1.252,0.053,29.033,0.996,-3.392,97.161,1,0.310,1,3,22,Amp,,0.985
5,A5,0,AJC001-5-IPSC,GRIA1,UNKNOWN,FAM,NFQ-MGB,28.774,28.703,0.063,1.192,1.252,0.053,29.033,0.996,-3.392,97.161,1,0.310,1,3,23,Amp,,0.984
6,A6,0,AJC001-5-IPSC,GRIA1,UNKNOWN,FAM,NFQ-MGB,28.654,28.703,0.063,1.293,1.252,0.053,29.033,0.996,-3.392,97.161,1,0.310,1,3,23,Amp,,0.991
7,A7,0,522-266-2-IPSC,GRIA1,UNKNOWN,FAM,NFQ-MGB,28.566,28.630,0.059,1.372,1.315,0.053,29.033,0.996,-3.392,97.161,1,0.310,1,3,23,Amp,,0.984
8,A8,0,522-266-2-IPSC,GRIA1,UNKNOWN,FAM,NFQ-MGB,28.640,28.630,0.059,1.306,1.315,0.053,29.033,0.996,-3.392,97.161,1,0.310,1,3,23,Amp,,0.985
9,A9,0,522-266-2-IPSC,GRIA1,UNKNOWN,FAM,NFQ-MGB,28.683,28.630,0.059,1.268,1.315,0.053,29.033,0.996,-3.392,97.161,1,0.310,1,3,23,Amp,,0.984
10,A10,0,,GRIA1,STANDARD,FAM,NFQ-MGB,22.982,23.134,0.132,50.000,,,29.033,0.996,-3.392,97.161,1,0.310,1,3,17,Amp,,0.990
11,A11,0,,GRIA1,STANDARD,FAM,NFQ-MGB,23.207,23.134,0.132,50.000,,,29.033,0.996,-3.392,97.161,1,0.310,1,3,17,Amp,,0.988
12,A12,0,,GRIA1,STANDARD,FAM,NFQ-MGB,23.212,23.134,0.132,50.000,,,29.033,0.996,-3.392,97.161,1,0.310,1,3,16,Amp,,0.987
13,B1,0,AiW001-2-NPC,GRIA1,UNKNOWN,FAM,NFQ-MGB,24.735,24.821,0.088,18.494,17.464,1.044,29.033,0.996,-3.392,97.161,1,0.310,1,3,19,Amp,,0.986
14,B2,0,AiW001-2-NPC,GRIA1,UNKNOWN,FAM,NFQ-MGB,24.817,24.821,0.088,17.492,17.464,1.044,29.033,0.996,-3.392,97.161,1,0.310,1,3,19,Amp,,0.994
15,B3,0,AiW001-2-NPC,GRIA1,UNKNOWN,FAM,NFQ-MGB,24.911,24.821,0.088,16.405,17.464,1.044,29.033,0.996,-3.392,97.161,1,0.310,1,3,18,Amp,,0.993
16,B4,0,AJC001-5-NPC,GRIA1,UNKNOWN,FAM,NFQ-MGB,26.194,26.248,0.054,6.869,6.624,0.244,29.033,0.996,-3.392,97.161,1,0.310,1,3,20,Amp,,0.989
17,B5,0,AJC001-5-NPC,GRIA1,UNKNOWN,FAM,NFQ-MGB,26.247,26.248,0.054,6.624,6.624,0.244,29.033,0.996,-3.392,97.161,1,0.310,1,3,20,Amp,,0.988
18,B6,0,AJC001-5-NPC,GRIA1,UNKNOWN,FAM,NFQ-MGB,26.303,26.248,0.054,6.380,6.624,0.244,29.033,0.996,-3.392,97.161,1,0.310,1,3,20,Amp,,0.987
19,B7,0,522-266-2-NPC,GRIA1,UNKNOWN,FAM,NFQ-MGB,26.631,26.737,0.109,5.106,4.759,0.352,29.033,0.996,-3.392,97.161,1,0.310,1,3,21,Amp,,0.991
20,B8,0,522-266-2-NPC,GRIA1,UNKNOWN,FAM,NFQ-MGB,26.849,26.737,0.109,4.403,4.759,0.352,29.033,0.996,-3.392,97.161,1,0.310,1,3,20,Amp,,0.988
21,B9,0,522-266-2-NPC,GRIA1,UNKNOWN,FAM,NFQ-MGB,26.732,26.737,0.109,4.769,4.759,0.352,29.033,0.996,-3.392,97.161,1,0.310,1,3,20,Amp,,0.989
22,B10,0,,GRIA1,STANDARD,FAM,NFQ-MGB,25.197,25.357,0.143,12.500,,,29.033,0.996,-3.392,97.161,1,0.310,1,3,18,Amp,,0.990
23,B11,0,,GRIA1,STANDARD,FAM,NFQ-MGB,25.474,25.357,0.143,12.500,,,29.033,0.996,-3.392,97.161,1,0.310,1,3,19,Amp,,0.991
24,B12,0,,GRIA1,STANDARD,FAM,NFQ-MGB,25.399,25.357,0.143,12.500,,,29.033,0.996,-3.392,97.161,1,0.310,1,3,19,Amp,,0.988
25,C1,0,AiW001-2-DA4W,GRIA1,UNKNOWN,FAM,NFQ-MGB,23.961,24.014,0.122,31.272,30.238,2.446,29.033,0.996,-3.392,97.161,1,0.310,1,3,19,Amp,,0.987
26,C2,0,AiW001-2-DA4W,GRIA1,UNKNOWN,FAM,NFQ-MGB,23.927,24.014,0.122,31.998,30.238,2.446,29.033,0.996,-3.392,97.161,1,0.310,1,3,17,Amp,,0.989
27,C3,0,AiW001-2-DA4W,GRIA1,UNKNOWN,FAM,NFQ-MGB,24.153,24.014,0.122,27.445,30.238,2.446,29.033,0.996,-3.392,97.161,1,0.310,1,3,19,Amp,,0.990
28,C4,0,AJC001-5-DA4W,GRIA1,UNKNOWN,FAM,NFQ-MGB,23.984,24.035,0.054,30.792,29.755,1.083,29.033,0.996,-3.392,97.161,1,0.310,1,3,17,Amp,,0.989
29,C5,0,AJC001-5-DA4W,GRIA1,UNKNOWN,FAM,NFQ-MGB,24.091,24.035,0.054,28.632,29.755,1.083,29.033,0.996,-3.392,97.161,1,0.310,1,3,18,Amp,,0.986
30,C6,0,AJC001-5-DA4W,GRIA1,UNKNOWN,FAM,NFQ-MGB,24.030,24.035,0.054,29.842,29.755,1.083,29.033,0.996,-3.392,97.161,1,0.310,1,3,19,Amp,,0.989
31,C7,0,522-266-2-DA4W,GRIA1,UNKNOWN,FAM,NFQ-MGB,25.136,25.079,0.084,14.083,14.662,0.854,29.033,0.996,-3.392,97.161,1,0.310,1,3,19,Amp,,0.991
32,C8,0,522-266-2-DA4W,GRIA1,UNKNOWN,FAM,NFQ-MGB,25.118,25.079,0.084,14.262,14.662,0.854,29.033,0.996,-3.392,97.161,1,0.310,1,3,19,Amp,,0.991
33,C9,0,522-266-2-DA4W,GRIA1,UNKNOWN,FAM,NFQ-MGB,24.982,25.079,0.084,15.643,14.662,0.854,29.033,0.996,-3.392,97.161,1,0.310,1,3,19,Amp,,0.993
34,C10,0,,GRIA1,STANDARD,FAM,NFQ-MGB,27.281,27.457,0.174,3.125,,,29.033,0.996,-3.392,97.161,1,0.310,1,3,21,Amp,,0.993
35,C11,0,,GRIA1,STANDARD,FAM,NFQ-MGB,27.464,27.457,0.174,3.125,,,29.033,0.996,-3.392,97.161,1,0.310,1,3,20,Amp,,0.989
36,C12,0,,GRIA1,STANDARD,FAM,NFQ-MGB,27.628,27.457,0.174,3.125,,,29.033,0.996,-3.392,97.161,1,0.310,1,3,22,Amp,,0.991
37,D1,0,AiW001-2-DA6W,GRIA1,UNKNOWN,FAM,NFQ-MGB,23.759,23.818,0.067,35.872,34.482,1.564,29.033,0.996,-3.392,97.161,1,0.310,1,3,17,Amp,,0.992
38,D2,0,AiW001-2-DA6W,GRIA1,UNKNOWN,FAM,NFQ-MGB,23.804,23.818,0.067,34.784,34.482,1.564,29.033,0.996,-3.392,97.161,1,0.310,1,3,18,Amp,,0.988
39,D3,0,AiW001-2-DA6W,GRIA1,UNKNOWN,FAM,NFQ-MGB,23.891,23.818,0.067,32.789,34.482,1.564,29.033,0.996,-3.392,97.161,1,0.310,1,3,18,Amp,,0.992
40,D4,0,AJC001-5-DA6W,GRIA1,UNKNOWN,FAM,NFQ-MGB,24.228,24.245,0.043,26.095,25.804,0.743,29.033,0.996,-3.392,97.161,1,0.310,1,3,18,Amp,,0.988
41,D5,0,AJC001-5-DA6W,GRIA1,UNKNOWN,FAM,NFQ-MGB,24.293,24.245,0.043,24.959,25.804,0.743,29.033,0.996,-3.392,97.161,1,0.310,1,3,19,Amp,,0.988
42,D6,0,AJC001-5-DA6W,GRIA1,UNKNOWN,FAM,NFQ-MGB,24.213,24.245,0.043,26.357,25.804,0.743,29.033,0.996,-3.392,97.161,1,0.310,1,3,18,Amp,,0.992
43,D7,0,522-266-2-DA6W,GRIA1,UNKNOWN,FAM,NFQ-MGB,24.590,24.586,0.009,20.411,20.465,0.121,29.033,0.996,-3.392,97.161,1,0.310,1,3,18,Amp,,0.987
44,D8,0,522-266-2-DA6W,GRIA1,UNKNOWN,FAM,NFQ-MGB,24.576,24.586,0.009,20.603,20.465,0.121,29.033,0.996,-3.392,97.161,1,0.310,1,3,18,Amp,,0.992
45,D9,0,522-266-2-DA6W,GRIA1,UNKNOWN,FAM,NFQ-MGB,24.592,24.586,0.009,20.380,20.465,0.121,29.033,0.996,-3.392,97.161,1,0.310,1,3,17,Amp,,0.992
46,D10,0,,GRIA1,STANDARD,FAM,NFQ-MGB,29.198,29.479,0.263,0.781,,,29.033,0.996,-3.392,97.161,1,0.310,1,3,23,Amp,,0.988
47,D11,0,,GRIA1,STANDARD,FAM,NFQ-MGB,29.520,29.479,0.263,0.781,,,29.033,0.996,-3.392,97.161,1,0.310,1,3,24,Amp,,0.992
48,D12,0,,GRIA1,STANDARD,FAM,NFQ-MGB,29.719,29.479,0.263,0.781,,,29.033,0.996,-3.392,97.161,1,0.310,1,3,24,Amp,,0.993
49,E1,0,AiW002-2-IPSC,GRIA1,UNKNOWN,FAM,NFQ-MGB,28.457,28.385,0.089,1.478,1.555,0.095,29.033,0.996,-3.392,97.161,1,0.310,1,3,22,Amp,,0.985
50,E2,0,AiW002-2-IPSC,GRIA1,UNKNOWN,FAM,NFQ-MGB,28.411,28.385,0.089,1.524,1.555,0.095,29.033,0.996,-3.392,97.161,1,0.310,1,3,21,Amp,,0.988
51,E3,0,AiW002-2-IPSC,GRIA1,UNKNOWN,FAM,NFQ-MGB,28.285,28.385,0.089,1.661,1.555,0.095,29.033,0.996,-3.392,97.161,1,0.310,1,3,23,Amp,,0.984
52,E4,0,AJG001C4-IPSC,GRIA1,UNKNOWN,FAM,NFQ-MGB,28.226,28.112,0.100,1.729,1.871,0.125,29.033,0.996,-3.392,97.161,1,0.310,1,3,23,Amp,,0.988
53,E5,0,AJG001C4-IPSC,GRIA1,UNKNOWN,FAM,NFQ-MGB,28.075,28.112,0.100,1.916,1.871,0.125,29.033,0.996,-3.392,97.161,1,0.310,1,3,22,Amp,,0.986
54,E6,0,AJG001C4-IPSC,GRIA1,UNKNOWN,FAM,NFQ-MGB,28.036,28.112,0.100,1.967,1.871,0.125,29.033,0.996,-3.392,97.161,1,0.310,1,3,22,Amp,,0.990
55,E7,0,NCRM1-IPSC,GRIA1,UNKNOWN,FAM,NFQ-MGB,28.223,28.114,0.120,1.732,1.870,0.154,29.033,0.996,-3.392,97.161,1,0.310,1,3,22,Amp,,0.990
56,E8,0,NCRM1-IPSC,GRIA1,UNKNOWN,FAM,NFQ-MGB,28.132,28.114,0.120,1.842,1.870,0.154,29.033,0.996,-3.392,97.161,1,0.310,1,3,19,Amp,,0.989
57,E9,0,NCRM1-IPSC,GRIA1,UNKNOWN,FAM,NFQ-MGB,27.985,28.114,0.120,2.036,1.870,0.154,29.033,0.996,-3.392,97.161,1,0.310,1,3,22,Amp,,0.988
58,E10,0,,GRIA1,STANDARD,FAM,NFQ-MGB,31.229,31.516,0.374,0.195,,,29.033,0.996,-3.392,97.161,1,0.310,1,3,25,Amp,,0.985
59,E11,0,,GRIA1,STANDARD,FAM,NFQ-MGB,31.381,31.516,0.374,0.195,,,29.033,0.996,-3.392,97.161,1,0.310,1,3,25,Amp,,0.989
60,E12,0,,GRIA1,STANDARD,FAM,NFQ-MGB,31.939,31.516,0.374,0.195,,,29.033,0.996,-3.392,97.161,1,0.310,1,3,25,Amp,,0.991
61,F1,0,AiW002-2-NPC,GRIA1,UNKNOWN,FAM,NFQ-MGB,24.112,24.028,0.133,28.223,29.972,2.777,29.033,0.996,-3.392,97.161,1,0.310,1,3,18,Amp,,0.991
62,F2,0,AiW002-2-NPC,GRIA1,UNKNOWN,FAM,NFQ-MGB,24.097,24.028,0.133,28.519,29.972,2.777,29.033,0.996,-3.392,97.161,1,0.310,1,3,19,Amp,,0.988
63,F3,0,AiW002-2-NPC,GRIA1,UNKNOWN,FAM,NFQ-MGB,23.874,24.028,0.133,33.174,29.972,2.777,29.033,0.996,-3.392,97.161,1,0.310,1,3,16,Amp,,0.995
64,F4,0,AJG001C4-NPC,GRIA1,UNKNOWN,FAM,NFQ-MGB,27.218,27.222,0.087,3.427,3.423,0.203,29.033,0.996,-3.392,97.161,1,0.310,1,3,22,Amp,,0.987
65,F5,0,AJG001C4-NPC,GRIA1,UNKNOWN,FAM,NFQ-MGB,27.311,27.222,0.087,3.218,3.423,0.203,29.033,0.996,-3.392,97.161,1,0.310,1,3,23,Amp,,0.987
66,F6,0,AJG001C4-NPC,GRIA1,UNKNOWN,FAM,NFQ-MGB,27.136,27.222,0.087,3.624,3.423,0.203,29.033,0.996,-3.392,97.161,1,0.310,1,3,22,Amp,,0.985
67,F7,0,NCRM1-NPC,GRIA1,UNKNOWN,FAM,NFQ-MGB,24.185,24.024,0.156,26.864,30.069,3.167,29.033,0.996,-3.392,97.161,1,0.310,1,3,19,Amp,,0.986
68,F8,0,NCRM1-NPC,GRIA1,UNKNOWN,FAM,NFQ-MGB,24.015,24.024,0.156,30.145,30.069,3.167,29.033,0.996,-3.392,97.161,1,0.310,1,3,18,Amp,,0.988
69,F9,0,NCRM1-NPC,GRIA1,UNKNOWN,FAM,NFQ-MGB,23.873,24.024,0.156,33.197,30.069,3.167,29.033,0.996,-3.392,97.161,1,0.310,1,3,18,Amp,,0.994
70,F10,0,,GRIA1,STANDARD,FAM,NFQ-MGB,32.995,33.259,0.342,0.049,,,29.033,0.996,-3.392,97.161,1,0.310,1,3,28,Amp,,0.993
71,F11,0,,GRIA1,STANDARD,FAM,NFQ-MGB,33.137,33.259,0.342,0.049,,,29.033,0.996,-3.392,97.161,1,0.310,1,3,27,Amp,,0.990
72,F12,0,,GRIA1,STANDARD,FAM,NFQ-MGB,33.645,33.259,0.342,0.049,,,29.033,0.996,-3.392,97.161,1,0.310,1,3,28,Amp,,0.987
73,G1,0,AiW002-2-DA4W,GRIA1,UNKNOWN,FAM,NFQ-MGB,24.605,24.566,0.095,20.200,20.775,1.363,29.033,0.996,-3.392,97.161,1,0.310,1,3,19,Amp,,0.985
74,G2,0,AiW002-2-DA4W,GRIA1,UNKNOWN,FAM,NFQ-MGB,24.635,24.566,0.095,19.795,20.775,1.363,29.033,0.996,-3.392,97.161,1,0.310,1,3,19,Amp,,0.988
75,G3,0,AiW002-2-DA4W,GRIA1,UNKNOWN,FAM,NFQ-MGB,24.457,24.566,0.095,22.331,20.775,1.363,29.033,0.996,-3.392,97.161,1,0.310,1,3,18,Amp,,0.993
76,G4,0,AJG001C4-DA4W,GRIA1,UNKNOWN,FAM,NFQ-MGB,24.523,24.504,0.029,21.360,21.629,0.435,29.033,0.996,-3.392,97.161,1,0.310,1,3,19,Amp,,0.991
77,G5,0,AJG001C4-DA4W,GRIA1,UNKNOWN,FAM,NFQ-MGB,24.520,24.504,0.029,21.397,21.629,0.435,29.033,0.996,-3.392,97.161,1,0.310,1,3,18,Amp,,0.988
78,G6,0,AJG001C4-DA4W,GRIA1,UNKNOWN,FAM,NFQ-MGB,24.471,24.504,0.029,22.130,21.629,0.435,29.033,0.996,-3.392,97.161,1,0.310,1,3,19,Amp,,0.992
79,G7,0,NCRM1-DA4W,GRIA1,UNKNOWN,FAM,NFQ-MGB,22.615,22.556,0.114,77.998,81.320,6.433,29.033,0.996,-3.392,97.161,1,0.310,1,3,16,Amp,,0.990
80,G8,0,NCRM1-DA4W,GRIA1,UNKNOWN,FAM,NFQ-MGB,22.629,22.556,0.114,77.226,81.320,6.433,29.033,0.996,-3.392,97.161,1,0.310,1,3,17,Amp,,0.987
81,G9,0,NCRM1-DA4W,GRIA1,UNKNOWN,FAM,NFQ-MGB,22.425,22.556,0.114,88.735,81.320,6.433,29.033,0.996,-3.392,97.161,1,0.310,1,3,17,Amp,,0.991
82,G10,0,,GRIA1,STANDARD,FAM,NFQ-MGB,36.004,35.595,0.399,0.012,,,29.033,0.996,-3.392,97.161,1,0.310,1,3,30,Amp,,0.972
83,G11,0,,GRIA1,STANDARD,FAM,NFQ-MGB,35.206,35.595,0.399,0.012,,,29.033,0.996,-3.392,97.161,1,0.310,1,3,29,Amp,,0.981
84,G12,0,,GRIA1,STANDARD,FAM,NFQ-MGB,35.576,35.595,0.399,0.012,,,29.033,0.996,-3.392,97.161,1,0.310,1,3,29,Amp,,0.988
85,H1,0,AiW002-2-DA6W,GRIA1,UNKNOWN,FAM,NFQ-MGB,24.881,24.919,0.039,16.743,16.328,0.430,29.033,0.996,-3.392,97.161,1,0.310,1,3,18,Amp,,0.992
86,H2,0,AiW002-2-DA6W,GRIA1,UNKNOWN,FAM,NFQ-MGB,24.916,24.919,0.039,16.356,16.328,0.430,29.033,0.996,-3.392,97.161,1,0.310,1,3,19,Amp,,0.989
87,H3,0,AiW002-2-DA6W,GRIA1,UNKNOWN,FAM,NFQ-MGB,24.959,24.919,0.039,15.885,16.328,0.430,29.033,0.996,-3.392,97.161,1,0.310,1,3,18,Amp,,0.988
88,H4,0,AJG001C4-DA6W,GRIA1,UNKNOWN,FAM,NFQ-MGB,24.432,24.417,0.013,22.719,22.949,0.202,29.033,0.996,-3.392,97.161,1,0.310,1,3,18,Amp,,0.988
89,H5,0,AJG001C4-DA6W,GRIA1,UNKNOWN,FAM,NFQ-MGB,24.407,24.417,0.013,23.100,22.949,0.202,29.033,0.996,-3.392,97.161,1,0.310,1,3,18,Amp,,0.990
90,H6,0,AJG001C4-DA6W,GRIA1,UNKNOWN,FAM,NFQ-MGB,24.412,24.417,0.013,23.028,22.949,0.202,29.033,0.996,-3.392,97.161,1,0.310,1,3,18,Amp,,0.990
91,H7,0,NCRM1-DA6W,GRIA1,UNKNOWN,FAM,NFQ-MGB,22.671,22.677,0.085,75.071,74.868,4.310,29.033,0.996,-3.392,97.161,1,0.310,1,3,16,Amp,,0.992
92,H8,0,NCRM1-DA6W,GRIA1,UNKNOWN,FAM,NFQ-MGB,22.765,22.677,0.085,70.460,74.868,4.310,29.033,0.996,-3.392,97.161,1,0.310,1,3,15,Amp,,0.993
93,H9,0,NCRM1-DA6W,GRIA1,UNKNOWN,FAM,NFQ-MGB,22.595,22.677,0.085,79.072,74.868,4.310,29.033,0.996,-3.392,97.161,1,0.310,1,3,16,Amp,,0.991
