Target Name,DF,tail,paired,p-val,effect size,power,Bayes factor
NEUROG1,4.4,two-sided,FALSE,0.7076389841138889,0.274,0.06,0.571
NEUROG2,4.43,two-sided,FALSE,0.3084793054692536,0.788,0.135,0.773
NESTIN,3.0,two-sided,FALSE,0.42485060696140714,0.654,0.155,0.585
PAX6,3.0,two-sided,FALSE,0.040423149053388265,2.669,0.929,2.751
SOX1,3.0,two-sided,FALSE,0.07138109324129749,1.535,0.55,1.87
NEUN,3.0,two-sided,FALSE,0.0449114001955379,1.397,0.481,2.562
ACTB,3.0,two-sided,FALSE,0.34337510482761213,0.881,0.238,0.662
GAPDH,3.0,two-sided,FALSE,0.40145642546265886,0.835,0.219,0.604
GRIN1,3.0,two-sided,FALSE,0.033089638476143365,2.223,0.83,3.151
MAP2,3.0,two-sided,FALSE,0.01677704686954498,3.301,0.985,4.976
TUBB3,3.0,two-sided,FALSE,0.5435734606324435,0.44,0.097,0.513
CAMK2A,3.0,two-sided,FALSE,0.09159896160905785,1.794,0.671,1.578
